,车次,等级,始发站,始发时间,经过站,经过站到达时间,经过站发车时间,终到站,到达时间,duration,arrival
2,C7202,动车,阳江,9:13,广州南,当天11:24,11:24,广州南,11:24,131,684
4,C7204,动车,阳江,14:10,广州南,当天16:09,16:09,广州南,16:09,119,969
6,C7206,动车,阳江,18:41,广州南,当天20:33,20:33,广州南,20:33,112,1233
8,C7208,动车,阳江,8:23,广州南,当天09:52,9:52,广州南,9:52,89,592
9,C7210,动车,阳江,9:59,广州南,当天11:49,11:49,广州南,11:49,110,709
11,C7212,动车,阳江,14:52,广州南,当天16:53,16:53,广州南,16:53,121,1013
13,C7214,动车,阳江,19:18,广州南,当天21:10,21:10,广州南,21:10,112,1270
15,C7216,动车,阳江,6:47,广州南,当天08:31,8:31,广州南,8:31,104,511
17,C7218,动车,阳江,11:43,广州南,当天13:34,13:34,广州南,13:34,111,814
19,C7220,动车,阳江,16:32,广州南,当天18:17,18:17,广州南,18:17,105,1097
21,C7222,动车,阳江,21:15,广州南,当天23:19,23:19,广州南,23:19,124,1399
23,C7224,动车,阳江,7:58,广州南,当天09:58,9:58,广州南,9:58,120,598
25,C7226,动车,阳江,12:42,广州南,当天14:28,14:28,广州南,14:28,106,868
27,C7228,动车,阳江,17:06,广州南,当天18:54,18:54,广州南,18:54,108,1134
28,C7230,动车,新会,6:56,广州南,当天07:40,7:40,广州南,7:40,44,460
29,C7236,动车,新会,6:32,广州南,当天07:20,7:20,广州南,7:20,48,440
31,C7602,动车,珠海,7:34,广州南,当天08:52,8:52,广州南,8:52,78,532
33,C7604,动车,珠海,10:45,广州南,当天12:05,12:05,广州南,12:05,80,725
35,C7606,动车,珠海,13:52,广州南,当天14:54,14:54,广州南,14:54,62,894
37,C7608,动车,珠海,16:34,广州南,当天17:38,17:38,广州南,17:38,64,1058
39,C7610,动车,珠海,19:34,广州南,当天20:41,20:41,广州南,20:41,67,1241
41,C7612,动车,珠海,22:41,广州南,当天23:39,23:39,广州南,23:39,58,1419
43,C7618,动车,珠海,14:11,广州南,当天15:19,15:19,广州南,15:19,68,919
45,C7620,动车,珠海,17:11,广州南,当天18:23,18:23,广州南,18:23,72,1103
47,C7622,动车,珠海,19:54,广州南,当天20:58,20:58,广州南,20:58,64,1258
49,C7624,动车,珠海,22:55,广州南,当天23:54,23:54,广州南,23:54,59,1434
51,C7626,动车,珠海,8:53,广州南,当天10:08,10:08,广州南,10:08,75,608
53,C7628,动车,珠海,11:55,广州南,当天12:58,12:58,广州南,12:58,63,778
55,C7630,动车,珠海,14:50,广州南,当天15:58,15:58,广州南,15:58,68,958
57,C7632,动车,珠海,17:39,广州南,当天18:49,18:49,广州南,18:49,70,1129
59,C7634,动车,珠海,20:32,广州南,当天21:44,21:44,广州南,21:44,72,1304
61,C7636,动车,珠海,6:30,广州南,当天07:28,7:28,广州南,7:28,58,448
63,C7638,动车,珠海,9:35,广州南,当天10:44,10:44,广州南,10:44,69,644
65,C7640,动车,珠海,12:42,广州南,当天13:59,13:59,广州南,13:59,77,839
67,C7642,动车,珠海,15:40,广州南,当天16:37,16:37,广州南,16:37,57,997
69,C7644,动车,珠海,18:34,广州南,当天19:46,19:46,广州南,19:46,72,1186
71,C7646,动车,珠海,21:30,广州南,当天22:33,22:33,广州南,22:33,63,1353
73,C7650,动车,珠海,11:20,广州南,当天12:46,12:46,广州南,12:46,86,766
75,C7652,动车,珠海,14:25,广州南,当天15:35,15:35,广州南,15:35,70,935
77,C7654,动车,珠海,17:15,广州南,当天18:18,18:18,广州南,18:18,63,1098
79,C7656,动车,珠海,20:15,广州南,当天21:18,21:18,广州南,21:18,63,1278
81,C7660,动车,珠海,8:35,广州南,当天09:33,9:33,广州南,9:33,58,573
83,C7662,动车,珠海,11:30,广州南,当天12:46,12:46,广州南,12:46,76,766
85,C7664,动车,珠海,14:40,广州南,当天15:44,15:44,广州南,15:44,64,944
87,C7666,动车,珠海,17:24,广州南,当天18:28,18:28,广州南,18:28,64,1108
89,C7668,动车,珠海,20:15,广州南,当天21:18,21:18,广州南,21:18,63,1278
91,C7670,动车,珠海,6:45,广州南,当天08:01,8:01,广州南,8:01,76,481
93,C7672,动车,珠海,9:51,广州南,当天11:01,11:01,广州南,11:01,70,661
95,C7674,动车,珠海,13:10,广州南,当天14:18,14:18,广州南,14:18,68,858
97,C7676,动车,珠海,16:00,广州南,当天17:10,17:10,广州南,17:10,70,1030
99,C7684,动车,珠海,12:21,广州南,当天13:24,13:24,广州南,13:24,63,804
101,C7686,动车,珠海,15:15,广州南,当天16:18,16:18,广州南,16:18,63,978
103,C7688,动车,珠海,17:59,广州南,当天19:14,19:14,广州南,19:14,75,1154
105,C7690,动车,珠海,21:03,广州南,当天22:19,22:19,广州南,22:19,76,1339
107,C7692,动车,珠海,7:03,广州南,当天08:21,8:21,广州南,8:21,78,501
109,C7694,动车,珠海,10:30,广州南,当天11:39,11:39,广州南,11:39,69,699
111,C7696,动车,珠海,13:20,广州南,当天14:23,14:23,广州南,14:23,63,863
113,C7698,动车,珠海,16:12,广州南,当天17:25,17:25,广州南,17:25,73,1045
115,C7704,动车,珠海,9:15,广州南,当天10:13,10:13,广州南,10:13,58,613
117,C7706,动车,珠海,12:35,广州南,当天13:50,13:50,广州南,13:50,75,830
119,C7708,动车,珠海,15:30,广州南,当天16:32,16:32,广州南,16:32,62,992
121,C7710,动车,珠海,18:26,广州南,当天19:19,19:19,广州南,19:19,53,1159
123,C7712,动车,珠海,19:00,广州南,当天20:19,20:19,广州南,20:19,79,1219
125,C7714,动车,珠海,22:21,广州南,当天23:34,23:34,广州南,23:34,73,1414
127,C7732,动车,珠海,9:42,广州南,当天10:49,10:49,广州南,10:49,67,649
129,C7734,动车,珠海,14:22,广州南,当天15:34,15:34,广州南,15:34,72,934
131,C7736,动车,珠海,18:50,广州南,当天19:51,19:51,广州南,19:51,61,1191
133,C7764,动车,珠海,7:55,广州南,当天09:07,9:07,广州南,9:07,72,547
135,C7766,动车,珠海,12:11,广州南,当天13:19,13:19,广州南,13:19,68,799
137,C7768,动车,珠海,17:00,广州南,当天17:57,17:57,广州南,17:57,57,1077
139,C7770,动车,珠海,22:05,广州南,当天23:13,23:13,广州南,23:13,68,1393
141,C7772,动车,珠海,11:05,广州南,当天12:15,12:15,广州南,12:15,70,735
143,C7774,动车,珠海,15:49,广州南,当天17:04,17:04,广州南,17:04,75,1024
145,C7776,动车,珠海,20:46,广州南,当天22:03,22:03,广州南,22:03,77,1323
146,D1751,动车,成都东,7:20,广州南,当天15:08,15:08,广州南,15:08,468,908
148,D1753,动车,成都东,10:55,广州南,当天19:55,19:55,广州南,19:55,540,1195
150,D1755,动车,成都东,11:30,广州南,当天20:24,20:24,广州南,20:24,534,1224
152,D1761,动车,成都东,11:40,广州南,当天20:39,20:39,广州南,20:39,539,1239
154,D1763,动车,成都东,12:37,广州南,当天21:33,21:33,广州南,21:33,536,1293
156,D1765,动车,成都东,15:55,广州南,当天23:45,23:45,广州南,23:45,470,1425
158,D1801,动车,成都东,8:15,广州南,当天16:32,16:32,广州南,16:32,497,992
160,D1809,动车,成都东,7:41,广州南,当天17:51,17:51,广州南,17:51,610,1071
162,D1812,动车,成都东,7:41,广州南,当天17:51,17:51,广州南,17:51,610,1071
163,D1817,动车,成都东,10:12,广州南,当天19:40,19:40,广州南,19:40,568,1180
166,D1820,动车,成都东,10:12,广州南,当天19:40,19:40,广州南,19:40,568,1180
167,D1821,动车,成都东,11:50,广州南,当天20:58,20:58,广州南,20:58,548,1258
169,D1825,动车,成都东,13:22,广州南,当天22:20,22:20,广州南,22:20,538,1340
171,D1833,动车,成都东,14:13,广州南,当天23:50,23:50,广州南,23:50,577,1430
176,D1861,动车,重庆西,7:19,广州南,当天14:53,14:53,广州南,14:53,454,893
179,D1865,动车,重庆西,8:54,广州南,当天16:22,16:22,广州南,16:22,448,982
180,D1867,动车,重庆西,9:53,广州南,当天17:45,17:45,广州南,17:45,472,1065
182,D1869,动车,重庆西,10:26,广州南,当天18:36,18:36,广州南,18:36,490,1116
184,D1871,动车,重庆西,14:08,广州南,当天21:39,21:39,广州南,21:39,451,1299
187,D1875,动车,重庆西,14:48,广州南,当天22:08,22:08,广州南,22:08,440,1328
188,D1877,动车,重庆西,16:10,广州南,当天23:30,23:30,广州南,23:30,440,1410
190,D1881,动车,万州北,12:06,广州南,当天22:00,22:00,广州南,22:00,594,1320
193,D1884,动车,万州北,12:06,广州南,当天22:00,22:00,广州南,22:00,594,1320
194,D201,动车,南宁东,9:01,广州南,当天11:46,11:46,广州南,11:46,165,706
196,D203,动车,南宁东,12:12,广州南,当天15:03,15:03,广州南,15:03,171,903
198,D205,动车,南宁东,15:21,广州南,当天18:07,18:07,广州南,18:07,166,1087
200,D207,动车,南宁东,18:30,广州南,当天21:16,21:16,广州南,21:16,166,1276
202,D211,动车,贵阳北,8:00,广州南,当天12:10,12:10,广州南,12:10,250,730
204,D213,动车,贵阳北,13:48,广州南,当天18:02,18:02,广州南,18:02,254,1082
206,D2363,动车,南宁东,13:17,广州南,当天17:00,17:00,广州南,17:00,223,1020
210,D2803,动车,贵阳北,8:10,广州南,当天13:32,13:32,广州南,13:32,322,812
213,D2807,动车,贵阳北,8:32,广州南,当天14:05,14:05,广州南,14:05,333,845
214,D2809,动车,贵阳北,9:00,广州南,当天14:35,14:35,广州南,14:35,335,875
215,D2811,动车,贵阳北,9:10,广州南,当天14:47,14:47,广州南,14:47,337,887
217,D2815,动车,宜宾西,8:30,广州南,当天15:50,15:50,广州南,15:50,440,950
219,D2823,动车,贵阳北,10:19,广州南,当天15:37,15:37,广州南,15:37,318,937
220,D2825,动车,贵阳北,14:34,广州南,当天19:50,19:50,广州南,19:50,316,1190
222,D2831,动车,贵阳北,15:57,广州南,当天21:22,21:22,广州南,21:22,325,1282
224,D2837,动车,贵阳北,17:23,广州南,当天22:47,22:47,广州南,22:47,324,1367
227,D2841,动车,贵阳北,18:02,广州南,当天23:19,23:19,广州南,23:19,317,1399
230,D2935,动车,柳州,7:03,广州南,当天11:05,11:05,广州南,11:05,242,665
232,D2938,动车,柳州,7:03,广州南,当天11:05,11:05,广州南,11:05,242,665
233,D2943,动车,柳州,13:44,广州南,当天18:23,18:23,广州南,18:23,279,1103
235,D2946,动车,柳州,13:44,广州南,当天18:23,18:23,广州南,18:23,279,1103
236,D2947,动车,柳州,15:51,广州南,当天20:06,20:06,广州南,20:06,255,1206
238,D2950,动车,柳州,15:51,广州南,当天20:06,20:06,广州南,20:06,255,1206
239,D2951,动车,柳州,8:17,广州南,当天12:51,12:51,广州南,12:51,274,771
241,D2954,动车,柳州,8:17,广州南,当天12:51,12:51,广州南,12:51,274,771
242,D2955,动车,柳州,12:42,广州南,当天17:09,17:09,广州南,17:09,267,1029
244,D2958,动车,柳州,12:42,广州南,当天17:09,17:09,广州南,17:09,267,1029
245,D2959,动车,桂林北,8:00,广州南,当天10:51,10:51,广州南,10:51,171,651
247,D2961,动车,桂林北,10:10,广州南,当天13:15,13:15,广州南,13:15,185,795
249,D2965,动车,桂林北,12:54,广州南,当天15:27,15:27,广州南,15:27,153,927
251,D2967,动车,桂林北,7:32,广州南,当天10:31,10:31,广州南,10:31,179,631
253,D2969,动车,桂林北,17:25,广州南,当天20:12,20:12,广州南,20:12,167,1212
256,D2975,动车,三江南,17:32,广州南,当天21:02,21:02,广州南,21:02,210,1262
258,D2979,动车,桂林北,19:05,广州南,当天21:52,21:52,广州南,21:52,167,1312
261,D2985,动车,桂林北,7:45,广州南,当天10:42,10:42,广州南,10:42,177,642
262,D2986,动车,东安东,12:09,广州南,当天16:57,16:57,广州南,16:57,288,1017
263,D2987,动车,东安东,12:09,广州南,当天16:57,16:57,广州南,16:57,288,1017
264,D2989,动车,桂林北,7:25,广州南,当天10:22,10:22,广州南,10:22,177,622
266,D2991,动车,柳州,11:56,广州南,当天16:02,16:02,广州南,16:02,246,962
268,D2994,动车,柳州,11:56,广州南,当天16:02,16:02,广州南,16:02,246,962
269,D3601,动车,梧州南,8:30,广州南,当天10:12,10:12,广州南,10:12,102,612
271,D3603,动车,南宁东,7:28,广州南,当天10:58,10:58,广州南,10:58,210,658
272,D3605,动车,南宁东,7:37,广州南,当天11:15,11:15,广州南,11:15,218,675
274,D3607,动车,南宁东,7:43,广州南,当天11:23,11:23,广州南,11:23,220,683
276,D3609,动车,南宁东,7:55,广州南,当天11:30,11:30,广州南,11:30,215,690
278,D3611,动车,南宁东,8:07,广州南,当天11:40,11:40,广州南,11:40,213,700
280,D3613,动车,南宁东,8:21,广州南,当天11:52,11:52,广州南,11:52,211,712
283,D3617,动车,南宁东,8:49,广州南,当天12:36,12:36,广州南,12:36,227,756
285,D3619,动车,南宁东,9:23,广州南,当天12:46,12:46,广州南,12:46,203,766
287,D3621,动车,南宁东,9:35,广州南,当天13:07,13:07,广州南,13:07,212,787
288,D3623,动车,南宁东,11:27,广州南,当天15:14,15:14,广州南,15:14,227,914
289,D3625,动车,南宁东,11:38,广州南,当天15:19,15:19,广州南,15:19,221,919
291,D3627,动车,南宁东,11:47,广州南,当天15:43,15:43,广州南,15:43,236,943
293,D3629,动车,南宁东,12:33,广州南,当天16:11,16:11,广州南,16:11,218,971
296,D3633,动车,南宁东,14:42,广州南,当天18:17,18:17,广州南,18:17,215,1097
298,D3635,动车,南宁东,16:06,广州南,当天19:33,19:33,广州南,19:33,207,1173
302,D3639,动车,南宁东,17:49,广州南,当天21:38,21:38,广州南,21:38,229,1298
304,D3641,动车,南宁东,18:40,广州南,当天22:07,22:07,广州南,22:07,207,1327
306,D3643,动车,南宁东,19:20,广州南,当天22:43,22:43,广州南,22:43,203,1363
308,D3701,动车,北海,8:55,广州南,当天14:11,14:11,广州南,14:11,316,851
309,D3704,动车,北海,8:55,广州南,当天14:11,14:11,广州南,14:11,316,851
310,D3705,动车,北海,8:10,广州南,当天13:20,13:20,广州南,13:20,310,800
313,D3708,动车,北海,8:10,广州南,当天13:20,13:20,广州南,13:20,310,800
314,D3709,动车,北海,9:22,广州南,当天14:19,14:19,广州南,14:19,297,859
317,D3712,动车,北海,9:22,广州南,当天14:19,14:19,广州南,14:19,297,859
320,D3717,动车,北海,14:02,广州南,当天19:14,19:14,广州南,19:14,312,1154
321,D3720,动车,北海,14:02,广州南,当天19:14,19:14,广州南,19:14,312,1154
324,D3725,动车,北海,15:34,广州南,当天20:47,20:47,广州南,20:47,313,1247
327,D3728,动车,北海,15:34,广州南,当天20:47,20:47,广州南,20:47,313,1247
332,D3737,动车,北海,17:44,广州南,当天23:05,23:05,广州南,23:05,321,1385
335,D3740,动车,北海,17:44,广州南,当天23:05,23:05,广州南,23:05,321,1385
338,D3745,动车,防城港北,11:36,广州南,当天16:42,16:42,广州南,16:42,306,1002
341,D3748,动车,防城港北,11:36,广州南,当天16:42,16:42,广州南,16:42,306,1002
342,D3751,动车,柳州,8:06,广州南,当天12:04,12:04,广州南,12:04,238,724
344,D3753,动车,柳州,8:56,广州南,当天12:18,12:18,广州南,12:18,202,738
345,D3755,动车,柳州,12:37,广州南,当天16:35,16:35,广州南,16:35,238,995
347,D3757,动车,柳州,13:45,广州南,当天17:39,17:39,广州南,17:39,234,1059
349,D3759,动车,柳州,15:10,广州南,当天18:41,18:41,广州南,18:41,211,1121
351,D3761,动车,柳州,17:11,广州南,当天20:53,20:53,广州南,20:53,222,1253
353,D3763,动车,柳州,17:43,广州南,当天21:43,21:43,广州南,21:43,240,1303
355,D3781,动车,百色,8:00,广州南,当天13:39,13:39,广州南,13:39,339,819
357,D3784,动车,百色,8:00,广州南,当天13:39,13:39,广州南,13:39,339,819
358,D3785,动车,百色,8:28,广州南,当天13:48,13:48,广州南,13:48,320,828
360,D3788,动车,百色,8:28,广州南,当天13:48,13:48,广州南,13:48,320,828
361,D3789,动车,百色,9:29,广州南,当天14:40,14:40,广州南,14:40,311,880
363,D3792,动车,百色,9:29,广州南,当天14:40,14:40,广州南,14:40,311,880
364,D3793,动车,百色,15:10,广州南,当天20:18,20:18,广州南,20:18,308,1218
365,D3796,动车,百色,15:10,广州南,当天20:18,20:18,广州南,20:18,308,1218
366,D3801,动车,昆明南,7:37,广州南,当天15:32,15:32,广州南,15:32,475,932
367,D3804,动车,昆明南,7:37,广州南,当天15:32,15:32,广州南,15:32,475,932
374,D3813,动车,昆明南,9:20,广州南,当天17:33,17:33,广州南,17:33,493,1053
377,D3816,动车,昆明南,9:20,广州南,当天17:33,17:33,广州南,17:33,493,1053
378,D3817,动车,昆明南,10:05,广州南,当天18:12,18:12,广州南,18:12,487,1092
381,D3820,动车,昆明南,10:05,广州南,当天18:12,18:12,广州南,18:12,487,1092
382,D3821,动车,昆明南,10:40,广州南,当天18:28,18:28,广州南,18:28,468,1108
385,D3824,动车,昆明南,10:40,广州南,当天18:28,18:28,广州南,18:28,468,1108
386,D3825,动车,昆明南,11:00,广州南,当天18:46,18:46,广州南,18:46,466,1126
389,D3828,动车,昆明南,11:00,广州南,当天18:46,18:46,广州南,18:46,466,1126
390,D3829,动车,昆明南,11:20,广州南,当天19:26,19:26,广州南,19:26,486,1166
393,D3832,动车,昆明南,11:20,广州南,当天19:26,19:26,广州南,19:26,486,1166
394,D3833,动车,昆明南,11:39,广州南,当天19:52,19:52,广州南,19:52,493,1192
397,D3836,动车,昆明南,11:39,广州南,当天19:52,19:52,广州南,19:52,493,1192
398,D3837,动车,昆明南,12:11,广州南,当天20:17,20:17,广州南,20:17,486,1217
401,D3840,动车,昆明南,12:11,广州南,当天20:17,20:17,广州南,20:17,486,1217
402,D3841,动车,大理,10:18,广州南,当天21:27,21:27,广州南,21:27,669,1287
405,D3844,动车,大理,10:18,广州南,当天21:27,21:27,广州南,21:27,669,1287
406,D3845,动车,昆明南,13:33,广州南,当天21:47,21:47,广州南,21:47,494,1307
409,D3848,动车,昆明南,13:33,广州南,当天21:47,21:47,广州南,21:47,494,1307
410,D3849,动车,大理,11:33,广州南,当天22:00,22:00,广州南,22:00,627,1320
413,D3852,动车,大理,11:33,广州南,当天22:00,22:00,广州南,22:00,627,1320
414,D3857,动车,昆明南,15:30,广州南,当天22:38,22:38,广州南,22:38,428,1358
417,D3860,动车,昆明南,15:30,广州南,当天22:38,22:38,广州南,22:38,428,1358
423,D4891,动车,贵阳北,19:12,广州南,第2日00:20,0:20,广州南,0:20,1748,20
424,D4895,动车,贵阳北,19:45,广州南,第2日00:25,0:25,广州南,0:25,1720,25
432,D4961,动车,成都东,19:17,广州南,第2日03:42,3:42,广州南,3:42,1945,222
433,D4965,动车,成都东,19:57,广州南,第2日04:04,4:04,广州南,4:04,1927,244
441,D7132,动车,珠海,9:22,广州南,当天10:20,10:20,广州南,10:20,58,620
443,D7134,动车,珠海,22:16,广州南,当天23:11,23:11,广州南,23:11,55,1391
445,D7136,动车,珠海,21:16,广州南,当天22:14,22:14,广州南,22:14,58,1334
451,D7166,动车,珠海,21:49,广州南,当天22:40,22:40,广州南,22:40,51,1360
453,D7168,动车,湛江西,7:34,广州南,当天10:29,10:29,广州南,10:29,175,629
455,D7170,动车,湛江西,14:24,广州南,当天17:30,17:30,广州南,17:30,186,1050
459,D7186,动车,茂名,9:50,广州南,当天12:24,12:24,广州南,12:24,154,744
461,D7188,动车,茂名,15:27,广州南,当天17:53,17:53,广州南,17:53,146,1073
463,D7190,动车,茂名,21:30,广州南,当天23:46,23:46,广州南,23:46,136,1426
466,D7194,动车,湛江西,12:50,广州南,当天16:23,16:23,广州南,16:23,213,983
470,D7452,动车,湛江西,7:28,广州南,当天10:24,10:24,广州南,10:24,176,624
472,D7454,动车,湛江西,8:08,广州南,当天10:56,10:56,广州南,10:56,168,656
473,D7456,动车,湛江西,8:53,广州南,当天11:59,11:59,广州南,11:59,186,719
475,D7458,动车,湛江西,9:31,广州南,当天12:40,12:40,广州南,12:40,189,760
476,D7460,动车,湛江西,9:50,广州南,当天13:05,13:05,广州南,13:05,195,785
478,D7462,动车,湛江西,11:01,广州南,当天14:06,14:06,广州南,14:06,185,846
480,D7464,动车,湛江西,11:38,广州南,当天14:46,14:46,广州南,14:46,188,886
483,D7468,动车,湛江西,13:20,广州南,当天16:04,16:04,广州南,16:04,164,964
485,D7470,动车,湛江西,13:36,广州南,当天16:42,16:42,广州南,16:42,186,1002
487,D7472,动车,湛江西,13:53,广州南,当天17:15,17:15,广州南,17:15,202,1035
491,D7476,动车,湛江西,15:10,广州南,当天18:09,18:09,广州南,18:09,179,1089
494,D7480,动车,湛江西,16:17,广州南,当天19:36,19:36,广州南,19:36,199,1176
503,D7490,动车,湛江西,12:14,广州南,当天15:09,15:09,广州南,15:09,175,909
507,D7494,动车,湛江西,11:56,广州南,当天15:48,15:48,广州南,15:48,232,948
509,D7496,动车,湛江西,21:07,广州南,当天23:49,23:49,广州南,23:49,162,1429
511,D7498,动车,湛江西,16:03,广州南,当天18:59,18:59,广州南,18:59,176,1139
513,D7500,动车,湛江西,8:18,广州南,当天11:34,11:34,广州南,11:34,196,694
515,D7556,动车,湛江西,17:03,广州南,当天20:00,20:00,广州南,20:00,177,1200
517,D7558,动车,湛江西,16:52,广州南,当天20:07,20:07,广州南,20:07,195,1207
519,D7690,动车,珠海,19:10,广州南,当天20:05,20:05,广州南,20:05,55,1205
532,D931,动车,上海虹桥,20:00,广州南,第2日07:09,7:09,广州南,7:09,2109,429
535,D934,动车,上海虹桥,20:00,广州南,第2日07:09,7:09,广州南,7:09,2109,429
536,D935,动车,上海虹桥,20:05,广州南,第2日07:22,7:22,广州南,7:22,2117,442
539,D938,动车,上海虹桥,20:05,广州南,第2日07:22,7:22,广州南,7:22,2117,442
574,G1101,高速,武汉,6:45,广州南,当天11:11,11:11,广州南,11:11,266,671
576,G1103,高速,武汉,6:53,广州南,当天11:21,11:21,广州南,11:21,268,681
577,G1105,高速,武汉,7:37,广州南,当天11:56,11:56,广州南,11:56,259,716
578,G1107,高速,武汉,8:26,广州南,当天13:10,13:10,广州南,13:10,284,790
580,G1109,高速,武汉,9:05,广州南,当天13:25,13:25,广州南,13:25,260,805
583,G1113,高速,南京南,7:22,广州南,当天14:39,14:39,广州南,14:39,437,879
586,G1117,高速,武汉,11:45,广州南,当天16:26,16:26,广州南,16:26,281,986
589,G1123,高速,武汉,14:03,广州南,当天18:26,18:26,广州南,18:26,263,1106
591,G1125,高速,武汉,14:57,广州南,当天19:29,19:29,广州南,19:29,272,1169
592,G1127,高速,武汉,15:29,广州南,当天19:40,19:40,广州南,19:40,251,1180
594,G1129,高速,武汉,15:50,广州南,当天20:19,20:19,广州南,20:19,269,1219
596,G1133,高速,武汉,17:58,广州南,当天22:41,22:41,广州南,22:41,283,1361
598,G1135,高速,武汉,18:08,广州南,当天22:26,22:26,广州南,22:26,258,1346
602,G1143,高速,武汉,9:16,广州南,当天13:45,13:45,广州南,13:45,269,825
603,G1145,高速,宜昌东,9:45,广州南,当天16:54,16:54,广州南,16:54,429,1014
606,G1148,高速,宜昌东,9:45,广州南,当天16:54,16:54,广州南,16:54,429,1014
607,G1151,高速,汉口,17:10,广州南,当天21:59,21:59,广州南,21:59,289,1319
609,G1154,高速,汉口,17:10,广州南,当天21:59,21:59,广州南,21:59,289,1319
610,G1155,高速,黄冈东,8:18,广州南,当天13:30,13:30,广州南,13:30,312,810
612,G1158,高速,黄冈东,8:18,广州南,当天13:30,13:30,广州南,13:30,312,810
613,G1161,高速,武汉,11:50,广州南,当天16:10,16:10,广州南,16:10,260,970
615,G1165,高速,宜昌东,9:16,广州南,当天16:38,16:38,广州南,16:38,442,998
616,G1168,高速,宜昌东,9:16,广州南,当天16:38,16:38,广州南,16:38,442,998
617,G1301,高速,上海虹桥,10:24,广州南,当天19:02,19:02,广州南,19:02,518,1142
619,G1305,高速,上海虹桥,15:25,广州南,当天23:38,23:38,广州南,23:38,493,1418
625,G1315,高速,宜昌东,14:31,广州南,当天21:53,21:53,广州南,21:53,442,1313
628,G1318,高速,宜昌东,14:31,广州南,当天21:53,21:53,广州南,21:53,442,1313
629,G1401,高速,南昌西,7:20,广州南,当天12:13,12:13,广州南,12:13,293,733
631,G1403,高速,杭州东,7:53,广州南,当天15:32,15:32,广州南,15:32,459,932
633,G1405,高速,上饶,11:01,广州南,当天17:41,17:41,广州南,17:41,400,1061
635,G1407,高速,南昌西,16:58,广州南,当天21:43,21:43,广州南,21:43,285,1303
638,G1608,高速,福州,8:16,广州南,当天14:18,14:18,广州南,14:18,362,858
639,G1609,高速,福州,8:16,广州南,当天14:18,14:18,广州南,14:18,362,858
641,G1743,高速,南京南,15:52,广州南,当天23:10,23:10,广州南,23:10,438,1390
643,G1747,高速,蚌埠南,15:40,广州南,当天23:15,23:15,广州南,23:15,455,1395
645,G2055,高速,郑州东,14:36,广州南,当天21:01,21:01,广州南,21:01,385,1261
647,G275,高速,青岛,6:16,广州南,当天19:15,19:15,广州南,19:15,779,1155
650,G278,高速,青岛,6:16,广州南,当天19:15,19:15,广州南,19:15,779,1155
679,G2931,高速,昆明南,14:45,广州南,当天21:11,21:11,广州南,21:11,386,1271
682,G2934,高速,昆明南,14:45,广州南,当天21:11,21:11,广州南,21:11,386,1271
683,G2935,高速,昆明南,7:30,广州南,当天14:24,14:24,广州南,14:24,414,864
686,G2938,高速,昆明南,7:30,广州南,当天14:24,14:24,广州南,14:24,414,864
688,G2954,高速,贵阳北,8:24,广州南,当天14:44,14:44,广州南,14:44,380,884
689,G2955,高速,贵阳北,8:24,广州南,当天14:44,14:44,广州南,14:44,380,884
692,G2958,高速,贵阳北,14:03,广州南,当天20:34,20:34,广州南,20:34,391,1234
693,G2959,高速,贵阳北,14:03,广州南,当天20:34,20:34,广州南,20:34,391,1234
701,G4011,高速,阜阳西,15:38,广州南,当天23:58,23:58,广州南,23:58,500,1438
709,G4511,高速,驻马店西,20:52,广州南,第2日02:05,2:05,广州南,2:05,1753,125
710,G4553,高速,武汉,19:54,广州南,第2日00:15,0:15,广州南,0:15,1701,15
711,G4555,高速,武汉,19:36,广州南,当天00:04,0:04,广州南,0:04,268,4
717,G4653,高速,武汉,20:05,广州南,第2日00:20,0:20,广州南,0:20,1695,20
718,G4665,高速,郑州东,19:55,广州南,第2日02:10,2:10,广州南,2:10,1815,130
719,G4671,高速,武汉,23:45,广州南,第2日03:30,3:30,广州南,3:30,1665,210
723,G4679,高速,南昌西,22:43,广州南,第2日02:35,2:35,广州南,2:35,1672,155
725,G4687,高速,武汉,21:55,广州南,第2日01:40,1:40,广州南,1:40,1665,100
726,G4689,高速,武汉,23:25,广州南,第2日03:10,3:10,广州南,3:10,1665,190
727,G4693,高速,武汉,22:33,广州南,第2日02:21,2:21,广州南,2:21,1668,141
729,G4749,高速,武汉,19:25,广州南,当天23:48,23:48,广州南,23:48,263,1428
730,G4789,高速,郑州东,19:03,广州南,第2日01:55,1:55,广州南,1:55,1852,115
731,G4801,高速,南昌西,23:49,广州南,第2日03:41,3:41,广州南,3:41,1672,221
733,G4807,高速,南昌西,19:09,广州南,当天00:09,0:09,广州南,0:09,300,9
734,G4809,高速,上饶,20:38,广州南,第2日01:50,1:50,广州南,1:50,1752,110
737,G541,高速,郑州东,8:25,广州南,当天14:56,14:56,广州南,14:56,391,896
742,G547,高速,郑州东,16:44,广州南,当天23:43,23:43,广州南,23:43,419,1423
747,G553,高速,信阳东,15:22,广州南,当天20:50,20:50,广州南,20:50,328,1250
801,G6101,高速,长沙南,7:16,广州南,当天10:07,10:07,广州南,10:07,171,607
803,G6105,高速,岳阳东,7:09,广州南,当天10:39,10:39,广州南,10:39,210,639
805,G6109,高速,长沙南,7:10,广州南,当天10:01,10:01,广州南,10:01,171,601
807,G6111,高速,岳阳东,13:52,广州南,当天17:12,17:12,广州南,17:12,200,1032
811,G6115,高速,长沙南,13:42,广州南,当天16:33,16:33,广州南,16:33,171,993
813,G6117,高速,长沙南,17:47,广州南,当天20:40,20:40,广州南,20:40,173,1240
815,G6119,高速,长沙南,18:44,广州南,当天21:28,21:28,广州南,21:28,164,1288
819,G6129,高速,长沙南,21:03,广州南,当天23:53,23:53,广州南,23:53,170,1433
821,G6131,高速,岳阳东,11:08,广州南,当天14:29,14:29,广州南,14:29,201,869
829,G6151,高速,怀化南,11:16,广州南,当天15:52,15:52,广州南,15:52,276,952
845,G6169,高速,怀化南,12:34,广州南,当天17:29,17:29,广州南,17:29,295,1049
847,G6171,高速,怀化南,7:04,广州南,当天11:26,11:26,广州南,11:26,262,686
851,G6175,高速,怀化南,14:34,广州南,当天18:56,18:56,广州南,18:56,262,1136
857,G6185,高速,邵阳,7:20,广州南,当天11:45,11:45,广州南,11:45,265,705
860,G6188,高速,邵阳,7:20,广州南,当天11:45,11:45,广州南,11:45,265,705
862,G6202,高速,深圳北,8:36,广州南,当天09:13,9:13,广州南,9:13,37,553
866,G6206,高速,深圳北,12:05,广州南,当天12:41,12:41,广州南,12:41,36,761
868,G6208,高速,深圳北,9:19,广州南,当天09:56,9:56,广州南,9:56,37,596
870,G6210,高速,深圳北,22:38,广州南,当天23:07,23:07,广州南,23:07,29,1387
874,G6214,高速,深圳北,10:31,广州南,当天11:14,11:14,广州南,11:14,43,674
876,G6216,高速,深圳北,21:15,广州南,当天21:53,21:53,广州南,21:53,38,1313
878,G6218,高速,福田,8:49,广州南,当天09:44,9:44,广州南,9:44,55,584
881,G6222,高速,深圳北,14:29,广州南,当天15:05,15:05,广州南,15:05,36,905
883,G6224,高速,深圳北,10:42,广州南,当天11:26,11:26,广州南,11:26,44,686
887,G6230,高速,深圳北,14:34,广州南,当天15:14,15:14,广州南,15:14,40,914
889,G6232,高速,深圳北,22:12,广州南,当天22:48,22:48,广州南,22:48,36,1368
890,G6234,高速,深圳北,9:40,广州南,当天10:16,10:16,广州南,10:16,36,616
891,G6236,高速,福田,18:23,广州南,当天19:19,19:19,广州南,19:19,56,1159
894,G6242,高速,深圳北,18:55,广州南,当天19:31,19:31,广州南,19:31,36,1171
897,G6246,高速,深圳北,20:11,广州南,当天20:47,20:47,广州南,20:47,36,1247
898,G6248,高速,深圳北,16:57,广州南,当天17:35,17:35,广州南,17:35,38,1055
899,G6250,高速,深圳北,20:46,广州南,当天21:22,21:22,广州南,21:22,36,1282
902,G6258,高速,深圳北,19:01,广州南,当天19:37,19:37,广州南,19:37,36,1177
903,G6260,高速,深圳北,22:23,广州南,当天22:59,22:59,广州南,22:59,36,1379
904,G6262,高速,深圳北,20:57,广州南,当天21:33,21:33,广州南,21:33,36,1293
908,G6266,高速,深圳北,19:19,广州南,当天19:55,19:55,广州南,19:55,36,1195
910,G6302,高速,潮汕,11:05,广州南,当天13:59,13:59,广州南,13:59,174,839
911,G6303,高速,潮汕,11:05,广州南,当天13:59,13:59,广州南,13:59,174,839
914,G6306,高速,潮汕,12:32,广州南,当天15:25,15:25,广州南,15:25,173,925
915,G6307,高速,潮汕,12:32,广州南,当天15:25,15:25,广州南,15:25,173,925
918,G631,高速,南昌西,8:00,广州南,当天12:36,12:36,广州南,12:36,276,756
919,G6310,高速,潮汕,19:17,广州南,当天22:04,22:04,广州南,22:04,167,1324
920,G6311,高速,潮汕,19:17,广州南,当天22:04,22:04,广州南,22:04,167,1324
923,G6314,高速,潮汕,17:49,广州南,当天20:56,20:56,广州南,20:56,187,1256
924,G6315,高速,潮汕,17:49,广州南,当天20:56,20:56,广州南,20:56,187,1256
927,G6318,高速,潮汕,10:21,广州南,当天13:09,13:09,广州南,13:09,168,789
928,G6319,高速,潮汕,10:21,广州南,当天13:09,13:09,广州南,13:09,168,789
932,G6322,高速,潮汕,17:11,广州南,当天20:05,20:05,广州南,20:05,174,1205
933,G6323,高速,潮汕,17:11,广州南,当天20:05,20:05,广州南,20:05,174,1205
936,G6326,高速,潮汕,13:41,广州南,当天16:28,16:28,广州南,16:28,167,988
937,G6327,高速,潮汕,13:41,广州南,当天16:28,16:28,广州南,16:28,167,988
941,G6330,高速,潮汕,20:47,广州南,当天23:29,23:29,广州南,23:29,162,1409
942,G6331,高速,潮汕,20:47,广州南,当天23:29,23:29,广州南,23:29,162,1409
950,G6342,高速,潮汕,6:08,广州南,当天08:44,8:44,广州南,8:44,156,524
951,G6343,高速,潮汕,6:08,广州南,当天08:44,8:44,广州南,8:44,156,524
954,G6346,高速,潮汕,6:48,广州南,当天09:39,9:39,广州南,9:39,171,579
955,G6347,高速,潮汕,6:48,广州南,当天09:39,9:39,广州南,9:39,171,579
958,G635,高速,淮南南,13:05,广州南,当天22:51,22:51,广州南,22:51,586,1371
959,G6350,高速,梅州西,6:35,广州南,当天10:26,10:26,广州南,10:26,231,626
960,G6351,高速,梅州西,6:35,广州南,当天10:26,10:26,广州南,10:26,231,626
963,G6354,高速,梅州西,15:31,广州南,当天19:49,19:49,广州南,19:49,258,1189
964,G6355,高速,梅州西,15:31,广州南,当天19:49,19:49,广州南,19:49,258,1189
967,G6358,高速,梅州西,8:45,广州南,当天12:10,12:10,广州南,12:10,205,730
968,G6359,高速,梅州西,8:45,广州南,当天12:10,12:10,广州南,12:10,205,730
973,G645,高速,南昌西,8:50,广州南,当天13:20,13:20,广州南,13:20,270,800
975,G649,高速,合肥南,9:08,广州南,当天15:42,15:42,广州南,15:42,394,942
979,G6502,高速,香港西九龙,19:30,广州南,当天20:36,20:36,广州南,20:36,66,1236
981,G6504,高速,香港西九龙,22:50,广州南,当天23:42,23:42,广州南,23:42,52,1422
983,G6506,高速,香港西九龙,22:20,广州南,当天23:12,23:12,广州南,23:12,52,1392
985,G6508,高速,香港西九龙,16:18,广州南,当天17:23,17:23,广州南,17:23,65,1043
987,G6510,高速,香港西九龙,21:45,广州南,当天22:43,22:43,广州南,22:43,58,1363
989,G6512,高速,香港西九龙,11:53,广州南,当天12:53,12:53,广州南,12:53,60,773
991,G6514,高速,香港西九龙,19:00,广州南,当天20:00,20:00,广州南,20:00,60,1200
993,G6516,高速,香港西九龙,12:26,广州南,当天13:30,13:30,广州南,13:30,64,810
995,G6518,高速,香港西九龙,15:09,广州南,当天16:13,16:13,广州南,16:13,64,973
997,G6520,高速,香港西九龙,20:54,广州南,当天21:58,21:58,广州南,21:58,64,1318
999,G6522,高速,香港西九龙,9:38,广州南,当天10:36,10:36,广州南,10:36,58,636
1001,G6524,高速,香港西九龙,12:51,广州南,当天13:51,13:51,广州南,13:51,60,831
1003,G6526,高速,香港西九龙,17:09,广州南,当天18:05,18:05,广州南,18:05,56,1085
1005,G6528,高速,香港西九龙,10:36,广州南,当天11:34,11:34,广州南,11:34,58,694
1007,G6530,高速,香港西九龙,13:25,广州南,当天14:35,14:35,广州南,14:35,70,875
1009,G6532,高速,香港西九龙,16:13,广州南,当天17:18,17:18,广州南,17:18,65,1038
1011,G6534,高速,香港西九龙,10:51,广州南,当天11:49,11:49,广州南,11:49,58,709
1013,G6536,高速,香港西九龙,13:54,广州南,当天14:59,14:59,广州南,14:59,65,899
1015,G6538,高速,香港西九龙,17:35,广州南,当天18:22,18:22,广州南,18:22,47,1102
1017,G6540,高速,香港西九龙,10:05,广州南,当天10:51,10:51,广州南,10:51,46,651
1019,G6542,高速,香港西九龙,15:14,广州南,当天16:18,16:18,广州南,16:18,64,978
1021,G6544,高速,香港西九龙,18:39,广州南,当天19:44,19:44,广州南,19:44,65,1184
1025,G6582,高速,香港西九龙,8:25,广州南,当天09:28,9:28,广州南,9:28,63,568
1027,G6584,高速,香港西九龙,11:15,广州南,当天12:05,12:05,广州南,12:05,50,725
1029,G6586,高速,香港西九龙,16:57,广州南,当天18:00,18:00,广州南,18:00,63,1080
1031,G6588,高速,香港西九龙,20:02,广州南,当天21:07,21:07,广州南,21:07,65,1267
1033,G67,高速,北京西,12:13,广州南,当天22:21,22:21,广州南,22:21,608,1341
1035,G69,高速,北京西,13:07,广州南,当天22:31,22:31,广州南,22:31,564,1351
1058,G831,高速,兰州西,8:03,广州南,当天20:45,20:45,广州南,20:45,762,1245
1061,G834,高速,兰州西,8:03,广州南,当天20:45,20:45,广州南,20:45,762,1245
1062,G835,高速,西安北,12:28,广州南,当天21:23,21:23,广州南,21:23,535,1283
1065,G838,高速,西安北,12:28,广州南,当天21:23,21:23,广州南,21:23,535,1283
1070,G843,高速,兰州西,10:33,广州南,当天23:00,23:00,广州南,23:00,747,1380
1073,G846,高速,兰州西,10:33,广州南,当天23:00,23:00,广州南,23:00,747,1380
1074,G847,高速,洛阳龙门,7:41,广州南,当天15:47,15:47,广州南,15:47,486,947
1075,G85,高速,上海虹桥,8:00,广州南,当天14:51,14:51,广州南,14:51,411,891
1076,G850,高速,洛阳龙门,7:41,广州南,当天15:47,15:47,广州南,15:47,486,947
1081,G8910,高速,深圳北,21:02,广州南,当天21:38,21:38,广州南,21:38,36,1298
1082,G93,高速,郑州东,7:56,广州南,当天13:50,13:50,广州南,13:50,354,830
1084,G95,高速,西安北,9:57,广州南,当天17:36,17:36,广州南,17:36,459,1056
1087,G9619,高速,邵阳,14:32,广州南,当天17:48,17:48,广州南,17:48,196,1068
1089,G9621,高速,怀化南,6:09,广州南,当天11:16,11:16,广州南,11:16,307,676
1091,G9623,高速,新晃西,18:17,广州南,当天23:30,23:30,广州南,23:30,313,1410
1093,G9629,高速,怀化南,10:45,广州南,当天15:15,15:15,广州南,15:15,270,915
1095,G9631,高速,怀化南,20:38,广州南,第2日00:53,0:53,广州南,0:53,1695,53
1098,G9637,高速,长沙南,6:54,广州南,当天09:37,9:37,广州南,9:37,163,577
1105,G9695,高速,长沙南,20:26,广州南,当天23:20,23:20,广州南,23:20,174,1400
1108,G9702,高速,汕头,21:16,广州南,第2日00:17,0:17,广州南,0:17,1621,17
1109,G9703,高速,汕头,21:16,广州南,第2日00:17,0:17,广州南,0:17,1621,17
1111,G98,高速,西安北,9:57,广州南,当天17:36,17:36,广州南,17:36,459,1056
