ATR,MDB,MET,MFR,MRD,avg_a_spd,avg_dsr_spd,avg_duration,avg_spd_ratio,cong_ratio,cong_time,id,max_pop,max_pop2,max_time,rep_num
2.35066439624682,1.1126072171051724,298.0,146.72727272727272,137.8181818181818,0.6507973964012641,1.4784916017676768,101.69507575757576,0.4853888554486637,0.14178991005454564,25.54545454545455,0.0,125.27272727272728,118.49266862170087,209.72727272727272,11
2.8875125642828166,1.528547629865213,340.5,123.125,167.125,0.5819018949326916,1.5821002645486106,120.92552083333334,0.43201702773980855,0.10839081416078801,121.375,1.0,169.125,162.79032258064515,206.75,8
2.7217102525073265,1.3499015598970163,319.0,132.6,153.0,0.5998359683843288,1.5508629977222224,112.09013888888887,0.4508686090509951,0.11472586052799605,91.1,2.0,149.4,143.76451612903224,214.1,10
2.6213344846835303,1.5655510121661869,329.0,129.16666666666666,155.5,0.5895237270711712,1.4369258553240742,116.58171296296295,0.4370837015158775,0.10762334284736233,131.83333333333334,3.0,173.0,166.7311827956989,212.83333333333331,6
2.512560840324023,1.3819980816800446,323.1666666666667,136.83333333333334,153.0,0.6231743537106428,1.4381744865740738,111.72152777777778,0.4602202469950311,0.1020639169734014,106.16666666666669,4.0,154.0,147.18279569892476,221.33333333333331,6
2.5541313169373696,1.510404361653794,336.0,126.3,159.1,0.5696351848561501,1.3598745886111114,122.88041666666666,0.4563454450364374,0.1474842821831754,134.4,5.0,166.6,160.85806451612905,208.6,10
2.6612168492822166,1.8825327330552228,308.6363636363636,144.9090909090909,144.9090909090909,0.5557447182303796,1.3789348115909092,129.13005050505052,0.44726391557045536,0.09165821625955067,142.72727272727272,6.0,207.9090909090909,200.48973607038124,177.45454545454547,11
2.6051464291869753,1.8585924147032733,312.2857142857143,150.14285714285714,143.57142857142858,0.5522535494688268,1.3460393698412705,130.35,0.4451793814361348,0.07703092976120009,145.0,7.0,205.42857142857144,197.94009216589862,181.0,7
2.649455653341847,1.854975011358473,317.2,140.8,147.4,0.5650448185805333,1.3952712841666668,125.91944444444445,0.43295439521703616,0.07161384507531003,151.4,8.0,204.2,197.55483870967743,203.4,5
2.7480104362383675,2.1828173341121997,291.14285714285717,157.71428571428572,132.57142857142858,0.5404292374635151,1.3949719025793654,133.9609126984127,0.4145238133368007,0.032209832357984865,152.57142857142858,9.0,237.7142857142857,232.4700460829493,150.71428571428572,7
3.3793681862797547,2.0437301226715134,306.75,152.25,144.0,0.5179809589593745,1.6336613345486115,143.57378472222226,0.3976531346703662,0.030571626618880087,149.875,10.0,225.125,217.65725806451616,170.125,8
3.1582480935041026,2.0360442223231865,288.09090909090907,166.36363636363637,131.45454545454547,0.537934628399315,1.5897472790656566,132.77487373737372,0.4173186511534114,0.04744233636114925,134.36363636363637,11.0,224.0,216.83870967741933,161.0909090909091,11
3.1158472985072176,1.9988220842378044,285.3333333333333,170.33333333333334,128.33333333333334,0.5374936492253676,1.5635142981790122,133.13456790123456,0.4199053063037661,0.06148446876798756,134.66666666666666,12.0,219.88888888888889,212.87455197132613,152.22222222222226,9
3.133352642639664,1.95655654356245,261.42857142857144,188.14285714285717,110.0,0.5806173221741423,1.6996656690476182,118.7176587301587,0.41506542809356195,0.042670296002611637,117.85714285714286,13.0,216.7142857142857,208.3732718894009,155.85714285714286,7
2.388587783768776,1.2069665303649857,205.2,230.8,82.8,0.6679939207394251,1.5499436120833334,92.81194444444445,0.4831957683962258,0.05596500479196535,43.6,14.0,136.3,128.54193548387096,162.5,10
2.372401964407249,1.1832500378615778,208.375,228.875,85.375,0.6650413548574551,1.5447044909722227,94.55746527777778,0.483188800131543,0.06896010234360835,37.875,15.0,134.875,126.01612903225808,156.5,8
2.8660150569865124,1.8050885960926848,265.1,181.3,113.9,0.5694409865687285,1.5468433805000001,121.16541666666664,0.4397993443505018,0.042812233733262366,114.0,16.0,198.9,192.24193548387098,161.6,10
2.7748671416099038,1.6887778282598818,262.6666666666667,184.5,113.66666666666669,0.5723137888107223,1.5128163079282404,120.99340277777776,0.44882823153099105,0.056954002538784534,105.75,17.0,186.66666666666663,179.85483870967744,164.41666666666666,12
2.3029168721037885,1.7017805759286904,245.42857142857144,199.14285714285717,100.28571428571428,0.6174893119133316,1.3592218565873018,108.64325396825396,0.4781079565751285,0.05271051832194028,101.85714285714286,18.0,188.42857142857144,181.23963133640555,156.42857142857142,7
2.1865106425951373,1.2859474649570057,270.22222222222223,169.55555555555554,116.55555555555556,0.6576979090869876,1.3632694370370375,101.06728395061728,0.5025540635169271,0.0999122976911532,74.44444444444444,19.0,143.11111111111111,136.95340501792114,192.66666666666663,9
2.125625346797179,1.0609895934748277,254.0,180.28571428571428,110.28571428571428,0.7165699744159655,1.4471130539682542,90.67242063492064,0.5096929672558471,0.1353397986654662,10.0,20.0,117.71428571428572,112.99539170506914,176.5714285714286,7
2.131023503787492,1.1031782090391808,257.42857142857144,172.0,111.85714285714286,0.7121777866364639,1.4391951111111108,91.3501984126984,0.5090706620945428,0.13311748021844494,25.857142857142854,21.0,124.57142857142857,117.48847926267284,182.85714285714286,7
2.0530592574834765,0.9588570851633096,244.16666666666663,188.33333333333331,104.66666666666669,0.7333341058858233,1.4368073583333334,86.61921296296299,0.5229269569275565,0.10830707479073537,0.0,22.0,108.66666666666669,102.11827956989248,190.66666666666663,6
2.6063998858749433,1.653101404123667,287.85714285714283,158.71428571428572,131.0,0.6249785679592879,1.4975535043055554,110.5873015873016,0.4471361833096337,0.07440251705551837,120.85714285714286,23.0,182.85714285714286,176.05529953917053,190.57142857142856,7
3.67744771585328,2.159170074208693,339.375,136.0,165.5,0.490729714883671,1.6727705350694444,159.11527777777778,0.3761192461546542,0.028044694106748255,177.5,24.0,236.375,229.95161290322585,162.0,8
3.2927584216311714,1.748988554985829,337.0,128.85714285714286,162.71428571428572,0.5280034261572337,1.6390339642658722,137.68492063492064,0.40499047189485454,0.09960898183743226,156.71428571428572,25.0,192.85714285714286,186.26728110599083,185.85714285714286,7
2.5844922637930683,1.4824391116985394,290.27272727272725,153.27272727272728,132.0909090909091,0.6000880786754895,1.4859609394570703,113.0003787878788,0.4622775577293169,0.07421077636593923,112.0909090909091,26.0,165.0909090909091,157.87976539589442,196.54545454545453,11
2.4900919695373664,1.30607299712252,270.1666666666667,164.83333333333334,121.16666666666669,0.6464591322294689,1.5424225243055554,101.97662037037036,0.4661220604677518,0.07605011671214623,83.83333333333333,27.0,146.66666666666666,139.09677419354838,196.0,6
2.474940049704541,1.2907769195820082,267.6666666666667,165.5,119.33333333333331,0.6509555645338277,1.550829683333333,100.86597222222224,0.4681345277568248,0.0916811777713047,73.0,28.0,143.83333333333334,137.46774193548387,194.33333333333331,6
2.384868483542409,1.2091906276367883,260.0,173.71428571428572,115.21428571428572,0.6659747919483429,1.5332822934523809,96.66746031746035,0.4812398099475598,0.1277428193897072,50.64285714285714,29.0,135.92857142857142,128.77880184331798,180.85714285714286,14
2.119924147725985,1.0461085181666734,245.9090909090909,186.1818181818182,104.63636363636364,0.7147244851823875,1.4383219443181818,88.28876262626262,0.5099423876812961,0.1202786175314928,6.727272727272728,30.0,118.54545454545456,111.41055718475072,185.27272727272728,11
2.0698835219406297,0.9976904437376949,249.875,185.125,106.5,0.7255498168536572,1.4320840438888889,88.378125,0.5198029683005643,0.1289045000461258,0.0,31.0,112.875,106.25403225806451,185.375,8
2.6126267801060896,1.4845440624631905,331.4444444444445,126.33333333333331,159.55555555555554,0.6042517643658988,1.4579482902777783,117.54753086419754,0.4472016530742097,0.13268428153384773,126.66666666666669,32.0,164.55555555555554,158.10394265232975,204.55555555555557,9
2.8452247386410474,1.4036044222323187,333.5,130.5,160.16666666666666,0.5872335554026328,1.5792068034722222,119.51805555555555,0.44259084703585105,0.11627720169654547,101.16666666666669,33.0,155.5,149.48387096774192,211.0,6
2.8924431357648883,1.4865970013630168,345.0,123.57142857142857,170.57142857142858,0.5569179248749581,1.5276976917063494,128.11428571428573,0.4489985130979784,0.12950862091481075,118.57142857142857,34.0,165.85714285714286,158.32258064516128,210.57142857142856,7
2.3313082476217644,1.1203998182644253,306.7142857142857,144.85714285714286,140.28571428571428,0.6243479224054589,1.4226169769246035,107.80734126984129,0.4988960275019561,0.1123906377703995,29.142857142857146,35.0,126.85714285714286,119.32258064516131,233.7142857142857,7
2.5176511296588386,1.4116310767832805,278.1,168.8,120.9,0.5935987430250921,1.441496261430555,116.47875000000002,0.4828788343755958,0.11367468529215073,89.6,36.0,156.0,150.3387096774194,177.4,10
2.621239144240102,1.4705436922610935,277.8,166.1,120.4,0.5891118947784997,1.4600457169444447,114.84069444444448,0.4744538035706177,0.08404017694318569,101.4,37.0,163.2,156.61290322580643,182.0,10
2.7376337337034715,1.618182211548863,295.85714285714283,154.57142857142858,133.71428571428572,0.5630257383603093,1.4706788599206344,123.93333333333332,0.4537779535078919,0.06978914338285291,124.28571428571428,38.0,179.14285714285714,172.3364055299539,185.0,7
2.689778663556142,1.5254051188853552,288.75,156.25,130.75,0.5732068381261812,1.4770337797395834,120.7875,0.4613751841071873,0.06776158021252053,117.25,39.0,169.0,162.45564516129033,192.125,8
2.1381883855403294,1.1582992579130698,262.625,168.75,116.5,0.6913463313661306,1.4007563616319447,95.94756944444444,0.5113304187166494,0.17181817628987914,39.5,40.0,130.5,123.35887096774192,168.25,8
2.0618950546753507,1.057330842882865,255.77777777777774,176.77777777777774,111.22222222222223,0.7103112811899721,1.393207100462963,91.7881172839506,0.5273046910725563,0.15512705952409378,12.222222222222221,41.0,119.0,112.60573476702507,182.77777777777774,9
2.097331968437024,1.2364682719975768,273.9,172.4,118.0,0.6479977239120976,1.2952676159583334,103.5847222222222,0.5220353721789233,0.12760211379856892,63.1,42.0,138.6,131.6838709677419,187.7,10
2.0968814774875533,1.2191428138724822,276.75,171.125,118.875,0.6523014028290542,1.2994201976562505,102.95850694444445,0.5260060146034959,0.1299169565900653,59.125,43.0,137.25,129.83870967741936,188.125,8
2.343437993199033,1.1966076026048769,274.8,169.1,118.8,0.6175610537586923,1.40967334875,108.37361111111109,0.5021547067644698,0.10618740159508293,47.6,44.0,134.6,127.43870967741935,203.4,10
2.396735232601757,1.2859306375889743,282.1,162.9,125.5,0.6084529278799291,1.4144073836111108,108.68,0.4942595328247161,0.13504868408653806,68.8,45.0,142.8,136.9516129032258,182.7,10
3.054430312015944,1.6201493493633432,310.0,146.84615384615384,144.30769230769232,0.5473114933610905,1.578168894583334,125.90010683760687,0.4386211444035339,0.07276417918405896,125.07692307692308,46.0,178.53846153846158,172.54590570719606,205.61538461538458,13
3.4092797201795406,2.1659346761573017,319.5,157.5,150.66666666666666,0.4980836533470743,1.5793632870370364,149.5678240740741,0.4032692984602429,0.03824578469353623,148.5,47.0,239.16666666666663,230.67204301075267,165.66666666666666,6
2.791405273755724,2.2735456947178894,277.5555555555556,174.44444444444446,125.11111111111113,0.5734464304207919,1.487565058024691,124.62345679012344,0.4091131952355861,0.029389190899856036,138.88888888888889,48.0,249.11111111111111,242.13261648745518,165.44444444444446,9
2.8611382178931883,2.3418446160835984,296.6,159.8,135.8,0.536272540877334,1.4359550441666662,135.98083333333335,0.410021434931626,0.030738669813710807,153.0,49.0,257.2,249.40645161290325,168.6,5
2.9437478349201984,2.3013781614417685,323.0,144.33333333333334,156.0,0.5111387003029977,1.416176754027778,149.44537037037037,0.3937556998758229,0.031240851482341736,173.16666666666663,50.0,251.0,245.09677419354838,167.16666666666666,6
3.771722523970701,2.140057549598668,342.7,132.0,166.5,0.4871014171205246,1.6989625847222218,162.48236111111112,0.373963524994074,0.03332535836666388,173.5,51.0,234.6,227.9161290322581,171.1,10
3.6540919407406194,2.0450552779039834,333.75,139.125,163.75,0.4986365056871548,1.6933846595486115,159.22291666666666,0.3855617314869309,0.04596084340215872,160.125,52.0,225.125,217.79838709677418,175.75,8
3.569009161770754,2.0475541420566405,335.09090909090907,138.45454545454547,162.27272727272728,0.4957733296422637,1.6440793878282831,159.75378787878788,0.3865504655063468,0.0525835900736536,167.63636363636363,53.0,224.8181818181818,218.06451612903226,151.63636363636363,11
3.190841844613256,1.6847224325643226,330.4444444444445,134.11111111111111,158.77777777777774,0.5443085407323359,1.6272689322530856,136.0899691358025,0.4209587425853263,0.08650831744840007,139.55555555555554,54.0,186.0,179.4229390681004,204.11111111111111,9
2.4926520808315904,1.2666320503667168,283.7142857142857,161.78571428571428,127.0,0.6148660429625973,1.4810653201686503,110.73680555555555,0.480677567113483,0.11100100884169176,66.85714285714286,55.0,142.92857142857142,134.89631336405526,195.5,14
2.555809510344716,1.7902165682265636,290.0,164.8,126.6,0.5856907952740525,1.395472428944445,118.13277777777779,0.4513671002536249,0.07027261498065182,131.8,56.0,198.0,190.65806451612903,174.4,5
2.440200399723475,1.648678210241136,285.3333333333333,166.11111111111111,128.33333333333334,0.6129015723130822,1.3911416361111109,114.74737654320991,0.4697408757685977,0.10868827317700992,117.77777777777777,57.0,183.0,175.58422939068103,169.44444444444446,9
1.905392185743198,0.876571255489929,230.7142857142857,200.5,97.57142857142857,0.7187542233418055,1.3397531378869048,87.37192460317459,0.5610201882103775,0.1650077744349643,0.0,58.0,100.28571428571428,93.35483870967742,168.71428571428572,14
2.1879881347327568,0.9730425564137514,239.0,196.83333333333331,101.83333333333331,0.6648032224311007,1.4345908782407406,96.48935185185185,0.5170531027815964,0.11595806299691915,0.0,59.0,111.16666666666669,103.62903225806451,179.5,6
2.2691645924323938,1.0800718288223967,246.28571428571428,190.0,106.28571428571428,0.6431581047936216,1.4349270786507935,101.13511904761904,0.5062688329228144,0.10992080567241824,14.142857142857142,60.0,124.14285714285714,115.02764976958528,188.0,7
2.0760950010403114,0.7555488246083429,283.3333333333333,156.11111111111111,128.88888888888889,0.6885476341804582,1.4137895712962958,94.32407407407408,0.5380247947620026,0.17295462257128724,0.0,61.0,86.66666666666669,80.46594982078852,212.55555555555557,9
2.090311996114953,0.754858902519057,282.6666666666667,150.66666666666666,130.66666666666666,0.6935280836711942,1.4335611018518517,93.34652777777778,0.535630960432726,0.18796544295412806,0.0,62.0,88.33333333333331,80.39247311827958,194.0,6
2.035730171889794,0.6331802042842479,269.44444444444446,158.0,127.0,0.7412684617120298,1.495950908487654,85.24537037037038,0.5374653696339844,0.19054735781644605,0.0,63.0,74.55555555555556,67.4336917562724,201.22222222222226,9
1.9447578154200773,0.8015404253477856,275.42857142857144,156.85714285714286,124.14285714285714,0.7715637951978387,1.3989925507936511,84.34801587301584,0.5434768103046996,0.2216963058357808,0.0,64.0,91.28571428571428,85.36405529953917,197.7142857142857,7
1.9063046267078536,0.7137361805240043,271.4,152.8,123.6,0.7891071662908726,1.4042211130555553,81.37694444444443,0.5537360783703853,0.2265538163510451,0.0,65.0,80.8,76.01290322580647,181.8,5
1.957459590142663,0.7323607114611203,267.8888888888889,157.66666666666666,120.44444444444444,0.7701454881100779,1.4035999228395055,81.64706790123458,0.5423029747538072,0.2209907029174457,0.0,66.0,83.33333333333333,77.99641577060932,193.33333333333331,9
2.004596574906443,0.9756604140974882,282.7142857142857,155.71428571428572,123.14285714285714,0.6964068997061796,1.3023662708333332,91.98214285714286,0.5287942816075535,0.16224053944582706,0.0,67.0,109.57142857142857,103.90783410138249,208.7142857142857,7
2.454607224389001,1.6679691049522944,334.2,128.2,157.6,0.5661528395160607,1.3015516466666663,120.84888888888888,0.4334193886391403,0.08865574339980123,151.2,68.0,184.0,177.63870967741937,218.6,5
2.460634270791848,1.7325458125094653,334.5,128.16666666666666,158.0,0.5660292402571795,1.3014857689814814,121.82800925925926,0.4329056735042841,0.04753591444354529,153.33333333333334,69.0,190.5,184.5161290322581,231.83333333333331,6
2.508613315798312,2.239890958655157,306.0,147.0,139.0,0.5522473620524115,1.2971340747222233,127.95055555555555,0.4238607691980573,0.04925939080312418,157.2,70.0,245.4,238.54838709677418,183.2,5
3.0419725450340787,1.991043032387876,315.42857142857144,141.42857142857142,148.57142857142858,0.532876533428343,1.5161202065476191,133.8722222222222,0.4103399406722949,0.07656764279404135,149.71428571428572,71.0,218.85714285714286,212.04608294930873,174.5714285714286,7
2.8372956069743465,1.902814737889704,310.57142857142856,145.14285714285714,142.85714285714286,0.5775603035076701,1.5124910245436507,122.38234126984128,0.4132101025615091,0.039325770376871336,147.85714285714286,72.0,208.85714285714286,202.64976958525344,203.0,7
2.7910721706767907,1.8731258518855065,309.0,143.25,143.5,0.5813995881595778,1.5023790081597217,122.14809027777778,0.4132192991972885,0.0429221548090533,147.875,73.0,205.375,199.48790322580643,212.25,8
2.1713272285223733,1.1142914836690392,250.33333333333331,182.83333333333331,106.5,0.7016523862702869,1.4424574703703703,90.55833333333334,0.5021949564612199,0.14653009588208596,30.66666666666667,74.0,124.5,118.6720430107527,172.33333333333337,6
2.3643539548959143,1.6150234741784038,219.66666666666663,217.33333333333331,87.0,0.6512079457709824,1.4637027314814806,98.21851851851852,0.466201482668922,0.043533371806366204,94.33333333333331,75.0,179.83333333333337,172.0,153.5,6
2.2452447098566206,1.5229441163107682,207.57142857142856,229.0,82.71428571428571,0.6767921844706887,1.4494616198412698,92.60496031746031,0.4844318165534686,0.04790721691849293,77.85714285714286,76.0,169.71428571428572,162.1935483870968,157.0,7
2.2931176906566955,1.7364834166288052,226.14285714285717,222.7142857142857,88.2857142857143,0.6279469588565755,1.3651206291666662,102.17321428571431,0.4834932098713463,0.04547570609017985,96.0,77.0,193.57142857142856,184.93548387096772,159.85714285714286,7
2.6745559570992117,1.7362941087384518,243.125,205.375,98.5,0.5933048921388102,1.5096597069965283,111.24461805555555,0.4614689053269955,0.05376260968933545,98.75,78.0,193.125,184.91532258064515,162.0,8
2.5991037963437544,1.6172951688626382,248.16666666666663,206.5,101.66666666666669,0.5948884380289888,1.4894344599537044,112.73101851851852,0.4624091909748344,0.05270895230824272,94.5,79.0,179.66666666666663,172.24193548387098,169.16666666666666,6
1.8474874731697042,0.7611355107947566,279.0,157.88888888888889,127.88888888888887,0.7213455615564097,1.2985141092592598,89.26558641975309,0.5733644976657613,0.17507631901965973,0.0,80.0,87.1111111111111,81.06093189964156,220.22222222222226,9
1.885869099679073,0.7670452824473725,272.5,157.3,124.5,0.7110735978587899,1.2971281365277778,87.78611111111108,0.5644701762243616,0.17927231734239554,0.0,81.0,86.9,81.69032258064516,203.6,10
2.6006011118455703,1.6688474935635316,351.5,122.6,167.1,0.5548375968126786,1.3477895359722218,130.04375,0.4417298257553339,0.0886377755075001,155.1,82.0,184.1,177.73225806451615,222.8,10
2.5830474356017934,1.6119394765464734,348.09090909090907,124.8181818181818,166.9090909090909,0.5610397838701897,1.3537384662500007,128.10858585858588,0.44617631182913176,0.0725481634411593,154.0909090909091,83.0,177.45454545454547,171.67155425219943,231.3636363636364,11
2.449723043485256,1.5785898184807772,335.42857142857144,130.28571428571428,156.28571428571428,0.5784341510972238,1.3212606950396826,120.53849206349207,0.4600263861236838,0.1162895878124346,133.28571428571428,84.0,175.14285714285714,168.11981566820273,208.28571428571428,7
2.4200503738242167,1.365975838488333,314.3076923076923,142.69230769230768,144.76923076923075,0.6333510364093189,1.4160974590811968,108.38108974358973,0.4681433756303456,0.11017276449507993,107.23076923076924,85.0,151.76923076923075,145.47642679900744,217.53846153846158,13
2.4665459716663203,1.6574284416174467,273.375,174.625,117.375,0.6225089930080825,1.4354333984375,109.0559027777778,0.4589306876409932,0.05435675501208545,116.0,86.0,183.125,176.51612903225802,180.5,8
2.827608525020353,1.6081579080216064,283.0,171.83333333333337,127.83333333333331,0.5908641631668429,1.5756617240972222,116.680787037037,0.4415359763511086,0.04733763710375053,114.5,87.0,178.5,171.26881720430106,190.0,6
2.3461876985968577,1.9051946085112828,287.8,161.4,125.4,0.5941751233126671,1.3003637388888898,116.88583333333334,0.4530288473909425,0.052761371864311964,140.6,88.0,208.2,202.90322580645162,176.2,5
2.3023509961457242,1.4883710867354665,317.42857142857144,140.14285714285714,142.28571428571428,0.6078925904002729,1.3000202654761903,111.80178571428571,0.4635839740390297,0.06678140987077208,133.71428571428572,89.0,163.57142857142858,158.51152073732715,228.7142857142857,7
2.2361127721663343,1.3383613509011056,304.6,145.2,136.0,0.6276124565957926,1.3015569647222225,105.24694444444445,0.4782363235054495,0.11073374291523916,116.8,90.0,149.0,142.53548387096774,221.0,5
1.687764883126946,0.4888182139431572,256.1666666666667,160.33333333333334,119.0,0.8042292417891274,1.3017803884259251,74.57314814814815,0.6124856197184073,0.2871372337895207,0.0,91.0,58.0,52.05913978494624,170.83333333333334,6
1.660118364801192,0.494260184764501,259.8,156.2,121.8,0.8167529278972685,1.3062344738888891,75.3225,0.6200698389435019,0.30480893764479666,0.0,92.0,58.2,52.63870967741936,161.8,5
1.6501747956712929,0.41035892776010907,249.0,159.8,119.2,0.8808527861716355,1.4063190344444445,68.70388888888888,0.6225290129832561,0.256631494548313,0.0,93.0,51.4,43.703225806451606,193.2,5
1.6485823207059143,0.4092079357867636,251.125,159.5,119.5,0.8772880930852842,1.3990090303819451,69.07899305555556,0.6228913859153364,0.2968193109456205,0.0,94.0,51.5,43.58064516129033,180.75,8
1.8618807685238932,0.507648038770256,261.7142857142857,163.57142857142858,122.0,0.7906954471076314,1.445120674404762,77.48452380952381,0.5705389614649454,0.2241676869638212,0.0,95.0,61.85714285714285,54.064516129032256,195.0,7
3.0400336238871493,1.6822656368317432,345.33333333333326,122.66666666666669,167.33333333333334,0.5720691674845569,1.6221672998842591,124.8457175925926,0.4072900014691512,0.06344984048918491,150.41666666666666,96.0,185.25,179.16129032258064,226.75,12
2.3417899784608696,1.098238174567116,289.3333333333333,151.83333333333334,132.66666666666666,0.6781900357395646,1.5031519495370362,96.71041666666667,0.4852185381978405,0.0741033905448722,19.666666666666668,97.0,122.66666666666669,116.96236559139788,232.66666666666663,6
2.2616740105427158,0.9912464031500832,282.7,157.5,128.1,0.6936831952066334,1.4893304766666673,92.51055555555556,0.4971262284889629,0.1436053693749435,7.3,98.0,111.7,105.56774193548388,211.9,10
2.3583428584547126,1.2298305964821186,240.85714285714286,195.0,100.85714285714286,0.6767300751281998,1.5136622253968264,94.19424603174605,0.4860301899294252,0.11335719208210525,62.57142857142857,99.0,138.14285714285714,130.97695852534562,166.28571428571428,7
2.2877781119969915,1.2184764500984402,245.6,193.0,103.1,0.6748643013474214,1.4825188658333333,96.08569444444444,0.4890057396747322,0.10124479483385344,50.2,100.0,137.8,129.7677419354839,174.0,10
2.2734878896459905,1.184491897622293,239.4,192.0,102.2,0.6851511106823577,1.4911753208333332,93.59083333333334,0.4923568126811828,0.0768179298161672,52.2,101.0,133.2,126.1483870967742,179.6,5
2.3505141943364123,1.3708920187793427,259.2857142857143,180.42857142857144,110.57142857142857,0.6357254731051137,1.4282104184325384,104.1876984126984,0.4916168743790535,0.0930982129437397,86.85714285714286,102.0,153.57142857142858,145.99999999999997,182.57142857142856,7
1.9980860707871941,1.3751600512163895,252.1818181818182,185.27272727272728,104.27272727272728,0.6900928151923877,1.2967981583333332,96.03598484848484,0.5263023066896763,0.09271157021671,83.9090909090909,103.0,152.72727272727272,146.45454545454547,176.8181818181818,11
2.3678098074109513,1.4318070910528884,259.1111111111111,186.44444444444446,110.55555555555556,0.6662450179848256,1.4725015603395062,100.98904320987656,0.4773673784741872,0.0916031087886417,91.44444444444444,104.0,160.22222222222226,152.4874551971326,175.33333333333337,9
2.351684854759544,1.4121990004543388,258.5,183.0,112.375,0.6684575276715816,1.4664003063888893,101.26927083333332,0.4816571645725758,0.09837951056863764,92.375,105.0,158.0,150.39919354838713,171.5,8
1.8986266917812449,0.7193932827735646,215.3076923076923,208.84615384615384,93.3846153846154,0.7714704608716774,1.4325599788461536,79.27863247863249,0.5574019345296365,0.15625342721820298,0.0,106.0,84.0,76.61538461538461,168.61538461538458,13
1.7690451091384027,0.4763996163360089,257.3333333333333,167.0,120.5,0.8211519552090066,1.4202942085648151,74.63194444444444,0.5912902554488958,0.2808501736308664,0.0,107.0,57.83333333333334,50.73655913978494,167.66666666666666,6
1.7606427037196308,0.4593871472562977,254.16666666666663,162.0,121.66666666666669,0.8256059010875769,1.4092781113425916,73.18726851851851,0.5944900233625914,0.25095820773677596,0.0,108.0,55.5,48.9247311827957,189.5,6
1.9637582379217648,0.5739209450249886,262.6,166.0,121.3,0.7621223296391474,1.4697266656111112,80.65097222222222,0.5537086417410598,0.1807668550512297,0.0,109.0,68.9,61.122580645161285,202.4,10
1.9931277588154277,0.6490988944419203,274.14285714285717,157.14285714285714,124.42857142857143,0.7087522887881218,1.3912036827380942,88.17162698412699,0.5514019668102739,0.2055519306521463,0.0,110.0,76.42857142857143,69.12903225806451,191.14285714285717,7
2.0450156132662007,0.7441245714757755,276.6363636363636,159.8181818181818,125.45454545454544,0.7002288024951483,1.4115187655303032,90.0276515151515,0.5387650498930069,0.17266443834992093,0.0,111.0,86.81818181818181,79.24926686217009,211.0,11
1.8692195191888916,0.8623785725103307,247.57142857142856,188.57142857142856,107.28571428571428,0.7012054838021619,1.2775483811904762,89.68234126984127,0.5681866294700728,0.15904488489876994,0.0,112.0,99.28571428571428,91.84331797235022,186.0,7
1.8787196264302215,0.8419588892101385,244.8181818181818,185.27272727272728,107.1818181818182,0.7083670613045473,1.291882078914142,88.36919191919192,0.565620350029452,0.1639192524900322,0.0,113.0,97.1818181818182,89.66862170087977,185.27272727272728,11
2.4794518142900484,1.6496205428508928,308.6666666666667,151.11111111111111,142.11111111111111,0.5836475414115734,1.3477188037037031,121.04922839506172,0.4658578237383063,0.1132401316255974,131.22222222222223,114.0,181.77777777777774,175.6845878136201,183.33333333333331,9
2.606318810693454,1.7265981027907424,323.45454545454544,140.72727272727272,149.72727272727272,0.5599559840673728,1.3593426694570712,129.38181818181818,0.4484494714481273,0.09817981296335336,147.0,115.0,189.1818181818182,183.8826979472141,184.72727272727272,11
2.4861775653159843,1.5761396334999245,301.5,158.5,136.25,0.6124357530270569,1.4186793163194436,115.51388888888887,0.4526865127576199,0.10062912118422003,128.0,116.0,175.0,167.85887096774198,181.25,8
2.857955273915415,1.5469332121762835,307.0,141.8,144.2,0.5872380384191087,1.5846215376944437,120.32111111111112,0.4419505671636568,0.0912738860945855,121.0,117.0,170.4,164.7483870967742,188.8,5
2.906404948877408,1.6359230652733607,306.125,143.0,144.75,0.5804691190193491,1.5928375923611104,120.28628472222223,0.4336400822460124,0.06657477527287191,130.75,118.0,181.25,174.2258064516129,204.0,8
3.3472641122470987,2.0146686571039134,297.2857142857143,155.85714285714286,139.28571428571428,0.5359711113184285,1.6725781792857135,137.09742063492064,0.3961910118793504,0.02720537876802929,144.42857142857142,119.0,221.0,214.5622119815668,182.0,7
2.7368381142440485,1.7408248775808977,356.88888888888886,115.77777777777777,176.0,0.5340346256206927,1.3722588541666667,134.04413580246916,0.4255908826586399,0.06971851394157996,161.44444444444446,120.0,192.55555555555557,185.3978494623656,228.66666666666663,9
2.9571827340426133,1.5180675450552779,347.5,123.4,171.6,0.5454380265289955,1.5326684504166668,129.4683333333333,0.43312890768053003,0.09207914285322052,133.4,121.0,167.2,161.67419354838708,230.4,10
2.4798009658083915,1.2885052248977735,322.375,138.25,147.875,0.5985722090463598,1.4248878529861109,113.69461805555555,0.4798439215985407,0.1164016936646124,81.625,122.0,144.0,137.22580645161293,214.625,8
2.3459067105742824,1.0466757534454036,295.8,152.2,134.8,0.6544244070313108,1.486290289722222,100.075,0.4889753515571272,0.13790080707168828,7.4,123.0,118.2,111.47096774193548,212.4,5
2.3288574959245683,1.1107745637504836,298.22222222222223,150.33333333333334,138.44444444444446,0.6529880639490541,1.4753873489197529,101.15601851851852,0.4876827200502654,0.13692174568988322,31.444444444444446,124.0,124.0,118.29749103942652,216.77777777777774,9
2.3102526384034068,0.9916031433523484,295.6666666666667,148.22222222222226,134.11111111111111,0.6599911533758085,1.4834215163580244,100.86203703703706,0.4971213680215241,0.15154278527084888,2.4444444444444446,125.0,113.11111111111113,105.60573476702508,208.44444444444446,9
2.2142962707497773,0.9323413599878844,287.125,152.625,132.25,0.6777529414939474,1.4615076078125004,96.26666666666668,0.5111721590478886,0.12478735271007507,6.875,126.0,108.125,99.29435483870968,221.875,8
2.359477385134185,1.2074309657226514,249.77777777777774,188.11111111111111,105.55555555555556,0.6465471288800301,1.4849310716049375,101.0199074074074,0.49182601903026596,0.11551782190803875,46.111111111111114,127.0,136.88888888888889,128.59139784946242,176.22222222222226,9
3.4372605926476925,1.8514095324635984,335.2857142857143,136.14285714285714,160.42857142857142,0.5246289376919351,1.6705748006746026,144.2926587301587,0.403876324659422,0.05066659774083393,155.71428571428572,128.0,204.0,197.17511520737327,190.28571428571428,7
3.1982038202444114,1.8092209168992448,308.0,152.14285714285714,141.85714285714286,0.5448458492842333,1.6272693771825395,131.54603174603173,0.4193017664097157,0.0679493090058414,135.85714285714286,129.0,199.42857142857144,192.6820276497696,188.7142857142857,7
3.368651750480101,1.8378918673330304,310.6,144.8,141.4,0.5329330789052846,1.6753165599999988,133.36638888888888,0.4106937554972764,0.07054267633582874,142.8,130.0,202.0,195.7354838709677,188.6,5
2.90309074229594,1.5326669695592914,340.4,123.3,168.6,0.5653930463285846,1.5551535461944443,122.87819444444443,0.43614266190165774,0.13623377048992616,126.4,131.0,169.6,163.2290322580645,196.8,10
2.4081492325874647,1.2123626789687671,305.92307692307685,144.0,140.61538461538458,0.6271183226737288,1.4552302228525642,105.3471153846154,0.4841440586015506,0.11856249015506695,60.69230769230769,132.0,137.30769230769232,129.1166253101737,214.6923076923077,13
2.3555720914054468,1.165492957746479,303.0,143.875,139.875,0.6316789408209244,1.4450924355902772,104.32725694444444,0.4839500777660586,0.08153437698304741,47.125,133.0,130.625,124.125,237.25,8
2.1689092755578567,1.1249179665808469,295.6666666666667,152.08333333333334,130.66666666666666,0.6613326448559895,1.3497300464120372,98.89733796296294,0.5057511879423526,0.11049001839047423,41.25,134.0,125.75,119.80376344086021,220.83333333333331,12
2.1035639093018843,0.8633045585339998,277.4,157.4,125.0,0.7243798021539789,1.434029244166667,87.92930555555556,0.5163160290319386,0.17118730891249972,0.0,135.0,98.2,91.94193548387095,203.6,10
2.6150377130435567,1.7075571709828865,280.0,165.75,126.5,0.622280075965018,1.5034941850694443,112.88541666666666,0.4453021534009566,0.12088949786566693,119.875,136.0,189.125,181.85483870967738,164.75,8
2.6051812234076817,1.679669414335475,277.0,175.14285714285714,121.85714285714286,0.626762809366056,1.5062850113095236,110.86607142857143,0.44949598403787466,0.09280108999746872,120.0,137.0,186.42857142857144,178.88479262672809,168.57142857142858,7
2.9512629940454627,1.6075857775085403,286.0,166.22222222222226,125.88888888888887,0.5930697658290554,1.6309943805246914,117.87700617283951,0.4317335819855521,0.0771033871424151,112.66666666666669,138.0,178.0,171.20788530465947,180.44444444444446,9
3.004432769612272,1.6392044020394774,279.6666666666667,168.66666666666666,121.0,0.5930752426724911,1.6624063389583326,115.42337962962965,0.4340892272801065,0.07962930242175996,119.33333333333331,139.0,181.83333333333331,174.57526881720432,179.5,6
2.3874986944258847,1.2262776179177817,243.55555555555557,190.33333333333331,103.55555555555556,0.6659694638504711,1.5354288066358033,96.09151234567905,0.4840414445964176,0.10375359856944638,50.66666666666666,140.0,139.22222222222223,130.5985663082437,173.22222222222226,9
2.481730426068608,1.3952445857943359,260.4,177.6,110.0,0.6251629266489651,1.4886621755555545,105.26888888888887,0.4823830611839132,0.0575847403411941,78.4,141.0,157.2,148.59354838709675,198.0,5
2.545680019145419,1.483736348797685,267.77777777777777,168.33333333333334,117.55555555555556,0.6052403559081502,1.4793414374074076,111.3101851851852,0.4704424395215504,0.09342762944615482,95.33333333333331,142.0,165.0,158.01792114695343,184.22222222222226,9
2.4137047558655955,1.2167196728759653,308.06666666666666,141.13333333333333,143.33333333333334,0.6282630364294765,1.4636554822962955,106.80333333333333,0.4816296891055761,0.12191333703746896,63.8,143.0,135.8,129.58064516129033,218.46666666666667,15
2.2301802563329103,1.139828216611497,292.7142857142857,148.14285714285714,128.42857142857142,0.6846940677514287,1.4029738878968254,96.41666666666666,0.4830261046989178,0.14298268887652502,58.714285714285715,144.0,126.57142857142857,121.39170506912443,204.57142857142856,7
2.266859134683996,1.2377707102832047,300.0,147.16666666666666,131.83333333333334,0.6712182431702501,1.4006582516203707,100.41180555555556,0.4740090851126144,0.17633888904308392,101.0,145.0,137.5,131.82258064516122,192.5,6
2.3478413661878728,1.7005603513554444,271.8,168.8,115.8,0.6426177710920278,1.4035780074999995,106.44,0.4538467981582935,0.10363722726544118,127.8,146.0,187.2,181.10967741935482,162.6,5
1.8110290156286653,0.6545509616840831,207.6,206.0,91.2,0.7950970231556175,1.4019796175000003,73.9663888888889,0.565226415884557,0.1386424518344352,0.0,147.0,76.2,69.70967741935485,168.6,5
1.825334058043382,0.8864994026284349,216.77777777777774,204.66666666666663,93.88888888888887,0.7355797417639873,1.3016822577160492,81.6344135802469,0.5624964779996585,0.08981030396841999,0.0,148.0,100.0,94.4121863799283,179.77777777777774,9
1.797210201088089,0.8960321066182039,220.875,199.625,95.75,0.7480101732362637,1.3049741965277777,82.48524305555554,0.5713673024866349,0.0928325944751048,0.0,149.0,102.125,95.42741935483869,180.75,8
1.803459336870721,0.9136972371865602,223.0,197.57142857142856,95.28571428571428,0.7426700620942801,1.3016811601190474,83.26150793650794,0.5692063740418363,0.09635958191768666,0.0,150.0,102.57142857142857,97.3087557603687,182.0,7
2.1040488985177976,1.0395779696097731,238.66666666666663,188.16666666666663,103.66666666666669,0.6708638838597573,1.3824076129398148,94.4724537037037,0.5219080292470081,0.11535860779473725,4.333333333333333,151.0,119.66666666666669,110.71505376344084,175.5,6
2.634501804748586,2.385986167903478,283.1666666666667,160.5,128.5,0.5657551151780503,1.3994400578703707,127.42476851851852,0.4020543707882125,0.02647376221505308,151.0,152.0,261.6666666666667,254.10752688172042,159.16666666666666,6
2.4967188159205045,2.3760916755010353,256.1666666666667,187.5,111.5,0.6025159412768238,1.3989136141203709,114.68425925925926,0.4276756482452517,0.04121848516199913,130.5,153.0,263.0,253.05376344086017,151.83333333333334,6
2.0774277641183967,1.4856883234893232,201.0,236.85714285714286,79.71428571428571,0.7059668224192486,1.3970101875,87.76884920634919,0.5025571058587751,0.041133737656217716,77.42857142857143,154.0,165.71428571428572,158.22580645161293,158.28571428571428,7
2.027953167608664,1.4544146600030292,207.875,231.625,81.625,0.7214545116052882,1.3947273060763892,88.19131944444445,0.5135195078674355,0.046733221995550966,73.75,155.0,163.125,154.8951612903226,157.0,8
2.042246074289884,1.6989247311827955,224.0,217.0,88.0,0.6710597982380591,1.3037451958333337,97.36027777777778,0.5108547818257442,0.0419081275306302,91.2,156.0,190.4,180.93548387096772,161.0,5
2.4040496280154158,1.5587460245343026,238.6,204.1,97.7,0.6129147678737781,1.4089638610694442,108.84763888888888,0.4797623539427754,0.07744558888375437,88.5,157.0,174.6,166.00645161290322,155.8,10
2.241022400901321,1.2079694414996551,268.44444444444446,168.0,116.0,0.6501215742400834,1.3981793050925924,100.29521604938273,0.5033498610388608,0.1477902335914273,43.555555555555564,158.0,136.77777777777777,128.6487455197133,176.66666666666663,9
2.2029063471489656,1.122096016961987,261.4,180.6,113.4,0.6617516906162898,1.4053236505555549,97.77166666666668,0.5079050295790508,0.13153937028338067,29.0,159.0,126.0,119.50322580645158,188.6,5
2.444476648470596,1.32189913675602,259.25,181.16666666666663,110.08333333333331,0.6240477330017744,1.4702196302546298,106.82418981481482,0.4916540933125736,0.11584011893739768,66.25,160.0,149.33333333333334,140.7822580645161,176.75,12
2.106279733042424,1.2457300553620407,252.33333333333331,191.77777777777774,105.11111111111113,0.6728776689485554,1.3541728347222224,98.29737654320988,0.5191575705476255,0.13239160511039694,62.555555555555564,161.0,139.22222222222223,132.67025089605738,169.55555555555554,9
2.652022124233413,1.8163334847796453,295.625,163.625,135.125,0.5790732850058212,1.4352169560763892,122.76076388888887,0.4464845370675633,0.09741676798281147,134.875,162.0,200.125,193.43951612903226,172.25,8
2.618682175200925,1.5053763440860213,329.75,133.75,158.5,0.5895341033970921,1.4269739486111113,118.63524305555555,0.4536512666561003,0.10043129246791026,126.375,163.0,166.5,160.32258064516125,220.5,8
2.6154583068711954,1.5764551466505123,336.6666666666667,130.16666666666666,162.5,0.5710424379358848,1.392070964328704,120.73425925925926,0.4423365422189231,0.1265808303494299,138.16666666666666,164.0,173.16666666666663,167.89247311827958,203.66666666666663,6
2.6933657746197275,1.6357067133986718,344.71428571428567,129.0,162.57142857142858,0.5570053077611887,1.4040618291666669,126.61488095238094,0.4265687738041678,0.07869803514358018,149.0,165.0,180.42857142857144,174.20276497695858,226.0,7
2.7888030161006814,1.7256171437225505,351.0,121.5,168.75,0.5529054137573322,1.4351053232638886,129.46666666666667,0.4253159609601913,0.07332187121077363,156.25,166.0,189.125,183.77822580645162,228.875,8
2.702749954122656,1.5895804937149782,332.0,131.25,156.83333333333334,0.6003614739069688,1.4964964508101852,117.57650462962965,0.4270821305706161,0.08732454469311679,138.75,167.0,175.33333333333337,169.29032258064518,220.66666666666663,12
2.2592349695951524,1.4988641526578828,334.75,134.25,154.25,0.5983229281020593,1.2545849491319447,118.8673611111111,0.4717163489722272,0.11768594065861697,138.625,168.0,165.625,159.6290322580645,207.5,8
2.322150597652822,1.8893143809091104,310.57142857142856,150.0,142.0,0.5756614978264254,1.2521208069444445,126.31904761904762,0.4551063431816322,0.060875287057499824,149.28571428571428,169.0,208.28571428571428,201.2119815668203,184.28571428571428,7
2.243800633309021,1.8521883992124792,293.1666666666667,161.66666666666666,130.0,0.5954349128878188,1.2453880981481489,118.64699074074072,0.4735606518182463,0.05377649704454879,135.66666666666666,170.0,203.83333333333331,197.25806451612902,181.66666666666663,6
2.3331079603180958,1.9793427230046947,293.8,156.8,130.0,0.5739579198127623,1.2541096055555545,120.83666666666667,0.4545236112049652,0.049703940698042084,144.4,171.0,219.2,210.8,179.8,5
2.3361752755939285,2.0427415147996704,294.22222222222223,158.11111111111111,130.77777777777777,0.571473498332092,1.2504567259259265,121.37083333333334,0.4535793245212882,0.04461802510073958,145.55555555555554,172.0,225.0,217.55197132616485,190.55555555555557,9
2.8581443238887254,1.8695205882847865,301.3333333333333,155.0,136.88888888888889,0.5479730286718829,1.468161679737654,127.60370370370373,0.4400613832811555,0.04115961109410912,140.44444444444446,173.0,206.33333333333331,199.10394265232972,198.77777777777774,9
2.752842954066024,1.722415736954583,279.5555555555556,165.11111111111111,123.88888888888887,0.5975358633348307,1.5338739648148152,113.92530864197529,0.4414264948051981,0.05938987594489155,120.33333333333331,174.0,189.88888888888889,183.43727598566312,184.88888888888889,9
2.019130976261017,0.8530802497181416,224.0,203.11111111111111,94.44444444444444,0.7186905554414712,1.4158468762345686,85.10077160493827,0.5365680334955366,0.11928733834523016,0.0,175.0,98.44444444444444,90.85304659498208,176.55555555555554,9
3.1927926013980925,2.166590943510526,315.14285714285717,152.42857142857142,149.14285714285714,0.5139934747405712,1.5213205748015868,147.16785714285714,0.3996401588813261,0.047394316821423525,158.14285714285714,176.0,238.0,230.74193548387098,154.28571428571428,7
2.5379064753844958,1.7397453372010392,255.23076923076923,188.3076923076923,107.6153846153846,0.5910861977234847,1.4298239473717953,115.71324786324786,0.4581181390515026,0.056319183340500636,106.30769230769229,177.0,193.0,185.28287841191062,155.0769230769231,13
2.410060869151684,1.3586416948525082,281.6666666666667,162.88888888888889,125.33333333333331,0.6282455511172599,1.4354152324074072,107.55262345679013,0.4852201925035442,0.08671956564979691,87.55555555555556,178.0,151.11111111111111,144.69534050179217,196.55555555555557,9
2.0055650015088284,1.2482205058306828,267.8,170.8,113.2,0.6935455453702455,1.3043771986111108,96.4425,0.5248039619035001,0.12527442955663312,80.8,179.0,139.2,132.93548387096774,185.8,5
1.9362098668029468,1.115048715230451,255.66666666666663,181.0,107.5,0.7131024558551418,1.2964248694444438,91.09467592592593,0.5438236384966689,0.14800551607318466,30.66666666666667,180.0,125.83333333333331,118.752688172043,181.5,6
1.9337850535044232,1.1031854207683376,256.8333333333333,178.33333333333337,108.0,0.7167027154336428,1.3011802581018512,91.06944444444444,0.5444947786463529,0.12437348929887898,23.83333333333333,181.0,123.83333333333331,117.48924731182795,189.16666666666663,6
1.9956791445638828,1.1638346206269878,252.8,184.4,103.4,0.6912371499320783,1.2949880200000004,92.1336111111111,0.5287933578308026,0.10197851752145866,58.4,182.0,129.0,123.9483870967742,190.0,5
1.954186464233548,0.9039614028255556,237.7142857142857,187.57142857142856,99.85714285714286,0.7620070432798433,1.3962242831349208,82.02242063492065,0.5404469030028477,0.18572084012900286,0.0,183.0,101.28571428571428,96.2718894009217,167.14285714285714,7
2.644421447880636,1.236545371938375,315.6363636363636,139.27272727272728,149.9090909090909,0.6350354008418366,1.5937593641414138,108.95441919191921,0.4557055994390298,0.10053223759136708,74.36363636363636,184.0,138.9090909090909,131.69208211143695,223.9090909090909,11
2.7328478718726714,1.388319994408136,333.0,129.61538461538458,159.69230769230768,0.5831691960529441,1.5200221123504274,122.83899572649572,0.45193662969034704,0.09469120412207742,108.0,185.0,154.84615384615384,147.85607940446647,229.84615384615384,13
2.569459703164928,1.276200212024837,321.5,136.875,152.5,0.600486932344403,1.4810271531944443,114.80607638888887,0.4734324844794894,0.10738497159231772,81.5,186.0,142.25,135.91532258064515,221.875,8
2.3278011355249477,1.246302185875107,318.8888888888889,142.11111111111111,148.0,0.6292783889381682,1.368498601697531,110.03981481481482,0.4842029109349866,0.15832438990568282,88.66666666666669,187.0,138.11111111111111,132.73118279569894,205.0,9
1.7868425929938638,0.6294714523701348,267.9,161.5,123.1,0.758714251766478,1.3246813688888892,82.98416666666667,0.5880647772670471,0.2275083076126811,0.0,188.0,74.8,67.03870967741935,201.3,10
1.8102890574352104,0.5983643798273511,263.3333333333333,171.16666666666666,121.83333333333331,0.7570055417021554,1.3304544328703702,80.92708333333333,0.5818439065714122,0.21825757702631474,0.0,189.0,72.16666666666667,63.725806451612904,189.0,6
1.9206569270291618,0.870324095108284,223.125,208.875,93.875,0.7184803166099349,1.343152982291666,85.03715277777778,0.5527654785939591,0.12398848068522245,0.0,190.0,100.5,92.68951612903227,174.0,8
1.9182771187616217,0.909889444192034,223.11111111111111,203.77777777777774,94.0,0.7149273458822096,1.3359722032407406,85.2925925925926,0.5528837809062526,0.10047584764394786,0.0,191.0,103.22222222222223,96.90322580645163,180.66666666666663,9
2.740755124086126,2.160160300096692,294.53846153846155,165.53846153846158,137.15384615384616,0.5536144193685429,1.4182325622970082,133.79540598290598,0.42657006235204026,0.05407079941019293,145.46153846153842,192.0,238.0,230.05707196029775,150.15384615384616,13
3.526808813627092,2.0296402068323918,315.42857142857144,157.85714285714286,145.0,0.5072276224236211,1.6568176317460312,150.19761904761904,0.3997815988000489,0.04419173472022871,148.71428571428572,193.0,224.28571428571428,216.15668202764977,172.28571428571428,7
3.6525870815494503,2.021353930031804,333.5,145.3,158.7,0.4966874789662893,1.6808297977638886,158.80527777777775,0.38686748332955706,0.04895766668526581,166.2,194.0,221.7,215.27419354838716,157.2,10
3.5091677455692767,2.022386518524638,315.3636363636364,153.8181818181818,148.54545454545453,0.5295671133201068,1.7184516390530298,145.40530303030303,0.3877398493627068,0.04744127112772942,147.63636363636363,195.0,224.0909090909091,215.38416422287392,154.27272727272728,11
3.0662735463337643,1.5876000419389789,312.15384615384613,138.30769230769232,146.61538461538458,0.5815058495654345,1.6720044430128214,123.81805555555556,0.418733410067954,0.12258791383622385,124.23076923076924,196.0,175.3076923076923,169.07940446650127,171.9230769230769,13
2.4441637709358117,1.224426607434331,267.6666666666667,170.55555555555554,118.88888888888887,0.6546700437722219,1.5469523219135797,101.7,0.4765493892231799,0.10949691750860398,57.77777777777778,197.0,137.44444444444446,130.4014336917563,189.88888888888889,9
2.3939640908665587,1.1305604890339105,266.3636363636364,171.1818181818182,117.8181818181818,0.6598172294200959,1.5318562199494936,100.75265151515151,0.4806234782311318,0.10864350382314376,32.36363636363637,198.0,127.1818181818182,120.40469208211144,193.63636363636363,11
2.4774807501101592,1.2764273814932607,267.125,168.5,119.0,0.6481426860147887,1.5495192947916665,101.09322916666667,0.4664699521961539,0.10506141749620616,73.375,199.0,142.375,135.93951612903226,192.25,8
1.8697841487314448,1.332525619667828,201.0,235.5,80.83333333333333,0.6869468145882038,1.2482443685185187,89.36365740740742,0.5489126981205138,0.05578622464755032,61.16666666666666,200.0,150.33333333333334,141.91397849462362,158.33333333333334,6
1.931478121406228,1.4039073148568832,207.0,227.16666666666663,84.16666666666667,0.6671359187480297,1.2510418571759254,92.92523148148148,0.5320284562948401,0.04662316649334717,72.16666666666667,201.0,155.66666666666666,149.51612903225808,163.66666666666666,6
2.443028338659001,2.213892675046696,299.1666666666667,153.83333333333334,138.5,0.5408628977404191,1.2473369736111113,135.71828703703704,0.4305871851669584,0.043134836842214086,159.5,202.0,241.83333333333331,235.77956989247312,155.66666666666666,6
2.3518938081471696,1.794790246857489,318.0,142.0,146.33333333333334,0.5693443213127104,1.2528402483796297,125.20879629629631,0.4501420405048489,0.06003811254350755,155.16666666666666,203.0,197.16666666666663,191.14516129032262,203.66666666666663,6
2.299325754095357,1.6051289817759606,291.5,160.16666666666666,127.5,0.6327268767493718,1.349526168055555,109.76319444444445,0.4629356362026386,0.11939891244805108,130.83333333333334,204.0,176.83333333333337,170.9462365591398,174.66666666666663,6
2.22928194613804,1.5327578373466604,292.0,156.8,129.8,0.6582532470997242,1.3583375330555552,107.89361111111113,0.4777767121785068,0.1227261547501782,119.6,205.0,170.2,163.23870967741937,179.2,5
2.219226975295224,1.4989290582202897,293.0,159.42857142857142,130.42857142857142,0.6576560020182167,1.3518387101190472,107.98630952380951,0.4803741826456934,0.08316428688805651,118.42857142857143,206.0,165.14285714285714,159.6359447004608,192.28571428571428,7
2.7087761240240487,1.5250138825786257,303.75,156.33333333333334,137.66666666666666,0.6015089656289836,1.523269225324074,118.08622685185186,0.4484681808205091,0.08572640916457687,118.66666666666669,207.0,168.33333333333334,162.41397849462362,192.58333333333331,12
2.347140126430427,1.4261699227623807,292.75,163.58333333333334,131.83333333333334,0.6258913707247276,1.3707888439814817,110.784375,0.4825200101667204,0.10309993075932583,109.25,208.0,158.16666666666666,151.88709677419354,190.41666666666663,12
2.449260795903786,1.8701600282699784,261.6666666666667,193.66666666666663,113.16666666666669,0.6022523710877458,1.3797125136574075,116.63310185185185,0.4640285730461415,0.0688881271718151,116.66666666666669,209.0,207.0,199.17204301075267,146.16666666666666,6
2.4540828469832823,1.91821899136756,264.8181818181818,188.45454545454547,115.63636363636364,0.6001846791069969,1.379925952525252,117.49785353535351,0.4609397979905871,0.0874591465039361,117.0,210.0,212.72727272727272,204.29032258064515,140.63636363636363,11
2.519697592326957,2.063001665909435,259.8,196.0,111.6,0.5865297868201479,1.3868317055555557,116.94916666666666,0.4493584236027767,0.04819896953631027,123.2,211.0,228.4,219.70967741935482,150.6,5
2.678923397982945,2.150840527033167,279.44444444444446,166.88888888888889,123.66666666666669,0.5552712152338054,1.398590068179012,127.66249999999998,0.428351280990896,0.03216425607824333,139.44444444444446,212.0,235.11111111111111,229.06451612903226,164.55555555555554,9
2.054016649372526,1.2515523247008935,206.42857142857144,229.7142857142857,82.42857142857143,0.6749271131079689,1.3480941152777777,91.46031746031746,0.5199520764975021,0.08053615660864226,50.85714285714285,213.0,139.85714285714286,133.29032258064518,147.85714285714286,7
2.4229909962276053,1.336877177040739,224.2,210.7,93.2,0.6226488995568553,1.4622717478194445,103.53444444444445,0.4840063045277631,0.056986187272403975,66.7,214.0,149.1,142.3774193548387,160.5,10
2.4054006326457342,1.2401635620172649,211.5,221.7,87.2,0.657228245768719,1.5377347367916667,95.70986111111112,0.4806762273623432,0.07769581614135489,47.0,215.0,141.3,132.0774193548387,151.3,10
3.1617612547047047,1.86809026200212,273.5,173.66666666666663,121.91666666666669,0.5718885253684722,1.6896724983217597,124.27546296296299,0.4117416303192025,0.04550807990250861,123.5,216.0,207.75,198.95161290322585,166.75,12
3.191087720482837,1.9609819228174528,271.6363636363636,177.0909090909091,119.36363636363636,0.5713105000236806,1.6979704310353532,123.207702020202,0.4091140088623051,0.03745851374241287,124.27272727272728,217.0,216.45454545454547,208.84457478005868,165.8181818181818,11
3.2399759337174707,1.9597152809329093,277.0,166.8,122.2,0.5695708711388414,1.7101170208333318,124.34416666666668,0.4077465361735988,0.04308455614868214,126.8,218.0,216.0,208.70967741935485,159.4,5
2.992881072336189,1.9621384219294256,257.8,189.4,109.4,0.5843224340872274,1.6302690734722225,117.1575,0.4221321544826361,0.04918884935894828,110.7,219.0,216.5,208.96774193548384,158.5,10
2.6037530738918617,1.3761513361695097,273.54545454545456,159.0909090909091,124.72727272727272,0.6346424329824107,1.571041951136364,103.14406565656569,0.4612637195987552,0.1411940492893147,84.54545454545455,220.0,153.54545454545453,146.56011730205282,173.63636363636363,11
2.3655633406487007,1.3922459488111467,269.3333333333333,172.16666666666663,113.66666666666669,0.6579394019917956,1.454469632175926,99.7224537037037,0.4692531775885085,0.14230002228840946,96.83333333333331,221.0,154.33333333333334,148.27419354838707,170.5,6
2.483417323894729,1.6662459824658826,290.0,159.55555555555554,128.44444444444446,0.6002561056500009,1.3897129848765437,112.2817901234568,0.4604619280387843,0.1082019582495038,126.44444444444444,222.0,184.66666666666663,177.4551971326165,182.55555555555557,9
1.8426154406084492,0.7101822403957797,231.5,193.0,99.33333333333331,0.7412621819866106,1.3311689618055558,81.08101851851852,0.569737492683376,0.17187090267507799,0.0,223.0,81.5,75.63440860215054,172.83333333333337,6
2.3618255878754657,2.236306729264476,278.1666666666667,174.16666666666663,126.83333333333331,0.5890969781845062,1.2964401263888898,123.77962962962965,0.4521114137786479,0.04511205117459472,139.83333333333334,224.0,245.83333333333331,238.16666666666663,155.16666666666666,6
2.3624031529679645,2.0743385041431384,257.57142857142856,193.85714285714286,116.14285714285714,0.6436796057025639,1.404319821626984,110.83690476190478,0.4531577043201896,0.05574634890735518,123.71428571428572,225.0,227.85714285714286,220.91705069124424,146.57142857142858,7
3.030613998320101,2.045174271435062,272.2857142857143,185.5,120.14285714285714,0.579821332967696,1.6214554839384918,122.86934523809522,0.41597305878883456,0.04133986750390352,125.28571428571428,226.0,225.14285714285717,217.81105990783408,157.5,14
2.414460156000097,1.4667196728759655,227.75,213.625,92.375,0.6528017499135085,1.5062177323958343,101.01041666666669,0.4764721855800374,0.07363551346057516,77.5,227.0,165.875,156.20564516129033,148.625,8
2.379955161467904,1.4132969862183855,222.8,221.0,88.8,0.6623462293756095,1.508077586666666,98.19722222222221,0.4813544941738226,0.06245947605029791,65.4,228.0,160.8,150.51612903225802,156.6,5
2.474787736137825,1.5656519763743753,221.72727272727272,217.8181818181818,88.18181818181819,0.6490163924957931,1.5320344950757578,98.9871212121212,0.4654347461515336,0.059330397943059526,80.0909090909091,229.0,174.8181818181818,166.74193548387098,152.27272727272728,11
2.172438048246541,1.0297137664697864,248.4,183.9,107.0,0.6996769561639129,1.4662462309722228,90.38416666666666,0.5044561154701017,0.14971015874666774,5.3,230.0,116.5,109.66451612903224,174.6,10
2.28619754434392,1.152246814218645,258.2857142857143,177.14285714285714,113.28571428571428,0.6781753289825564,1.4834501702380951,95.00079365079365,0.4884156149204844,0.13049700396744535,36.42857142857143,231.0,130.57142857142858,122.7142857142857,177.28571428571428,7
2.1686461709403284,1.2756971939161852,270.7142857142857,174.5714285714286,118.57142857142857,0.6569958337762138,1.3514200097619056,101.315873015873,0.5050289057514915,0.11404860008565655,75.85714285714286,232.0,141.28571428571428,135.86175115207374,189.28571428571428,7
2.1399936591092072,1.0900600737038721,255.5,173.66666666666663,108.83333333333331,0.7100817148343039,1.4445198140972215,91.57824074074074,0.5147962400434652,0.15653965385979082,18.166666666666668,233.0,123.5,116.09139784946238,175.16666666666663,6
2.7169422018096543,1.7593686371514632,307.6666666666667,146.44444444444446,143.0,0.6026294417821112,1.5110579120833327,119.17824074074076,0.428508780882577,0.06824605524642723,138.88888888888889,234.0,194.11111111111111,187.37275985663086,194.66666666666663,9
2.7611544195726827,1.8291685597455705,309.2,141.0,141.6,0.5853703820851907,1.5002285683333336,120.60111111111108,0.4156402379934715,0.04878415040262607,147.0,235.0,201.6,194.80645161290326,199.4,5
2.818417155706185,1.875006310263012,310.3333333333333,139.33333333333334,143.83333333333334,0.5803007302646503,1.5123268090277768,121.41805555555555,0.4129593978769715,0.04538911729730944,147.66666666666666,236.0,207.83333333333331,199.68817204301084,205.5,6
2.6766647067148046,1.7505510963030273,291.3333333333333,159.77777777777774,130.66666666666666,0.6041538426641067,1.4987755165123458,112.68055555555556,0.4324262170298822,0.04402119049431322,128.66666666666666,237.0,192.22222222222226,186.4336917562724,200.77777777777774,9
2.7754539023074654,2.309889444192033,264.9,181.0,116.0,0.5815834999201129,1.4963344965277776,119.80083333333334,0.4154203691101479,0.04011015761408735,131.4,238.0,253.2,246.0032258064516,155.1,10
3.3710617199307813,2.137729603427014,278.14285714285717,174.71428571428572,122.14285714285714,0.5550867419549963,1.7344226248015873,127.69146825396828,0.3974979948799776,0.04046274619568863,132.85714285714286,239.0,235.7142857142857,227.66820276497697,157.28571428571428,7
2.743640358807704,1.58682417083144,292.0,155.3,132.0,0.5683522665444167,1.485084806666666,122.58416666666668,0.4568133604903973,0.07289637420852277,117.5,240.0,175.3,168.99677419354842,187.0,10
2.622513568763124,1.4310330321234457,293.8888888888889,157.11111111111111,132.88888888888889,0.5735181170157886,1.4441555995370372,123.47793209876544,0.4699437356666914,0.11434917370988258,97.66666666666669,241.0,159.44444444444446,152.40501792114696,182.11111111111111,9
3.4481600796446363,1.7618506739360895,344.5,132.625,166.5,0.509676448734977,1.6398045314236112,150.90243055555558,0.4084036113330261,0.05001216854391336,154.625,242.0,194.25,187.63709677419362,201.375,8
3.0817934708003274,1.5333722766707776,357.57142857142856,118.64285714285714,176.5,0.5394232662990133,1.5684493397916668,136.89246031746032,0.4304995815142805,0.07886164439740098,135.85714285714286,243.0,169.42857142857142,163.30414746543778,247.2142857142857,14
3.0138803377321968,1.4762986521278207,338.3333333333333,120.5,167.5,0.5781741582486822,1.6371744289351855,124.86967592592592,0.4305725193770572,0.1372324727499422,122.33333333333331,244.0,163.16666666666666,157.22580645161293,206.83333333333331,6
2.8327854341033443,1.4319501236811554,331.5,131.08333333333334,159.83333333333334,0.5891603570999718,1.5765968741898149,119.37002314814815,0.44401527904053867,0.11401906528113087,107.91666666666669,245.0,160.25,152.502688172043,218.75,12
2.770846920043203,1.381768617570526,328.27272727272725,130.36363636363637,160.0,0.5938711105692366,1.5571273650252528,118.02070707070705,0.4479409332224576,0.13752907046368945,98.0,246.0,153.63636363636363,147.158357771261,204.1818181818182,11
2.6116563213618083,1.4389217022565501,327.7,132.0,157.6,0.6078433108717146,1.458843882916666,116.29888888888887,0.4490873176720761,0.10800225922150901,115.5,247.0,159.9,153.24516129032259,212.2,10
2.336704862548677,1.4970165076480388,322.8,132.0,151.4,0.5986779767264773,1.3012672269444452,113.89305555555555,0.4580782419976446,0.10787715398710432,130.2,248.0,166.8,159.43225806451613,217.2,5
2.7199334217747504,1.444457064970468,334.625,127.125,163.0,0.5712350119882199,1.4645842368055564,120.49427083333332,0.4457023288320961,0.12834374625766687,122.75,249.0,160.875,153.83467741935482,208.375,8
2.8562536559049043,1.5940481599273058,349.66666666666674,122.5,171.25,0.5534138031156056,1.4920122222222223,129.46701388888889,0.4275688492983484,0.07914143045044722,137.66666666666666,250.0,176.41666666666663,169.76612903225808,230.83333333333331,12
2.918138402432312,1.6336892321671967,355.75,117.25,174.0,0.5479810962222205,1.4938924224131938,133.3104166666667,0.4273230733120431,0.10742101583140777,150.0,251.0,179.125,173.98790322580643,210.25,8
2.2816546443699695,1.140823435235066,303.2142857142857,145.07142857142858,140.92857142857142,0.6458895696015102,1.4082829516865074,103.97708333333333,0.4956127393302036,0.14829118054550758,37.0,252.0,128.64285714285714,121.49769585253456,212.85714285714286,14
2.4068278038621447,1.4148813476391848,270.53846153846155,174.53846153846158,116.46153846153848,0.6195772587259383,1.4245871902777785,108.6023504273504,0.480227139202123,0.08241660572586998,93.3846153846154,253.0,157.69230769230768,150.68486352357326,182.61538461538458,13
2.530070004968989,1.5712692577753913,269.0,173.8181818181818,115.27272727272728,0.6084091126803421,1.4554155477272734,109.83800505050505,0.4673494719183914,0.057561200749167214,106.54545454545456,254.0,174.45454545454547,167.34017595307918,190.1818181818182,11
2.3803075760937844,1.335630269069615,244.5,187.66666666666663,103.0,0.6653372407989774,1.5098160628472226,96.81793981481479,0.4758767336377477,0.08436117071090743,76.16666666666667,255.0,150.0,142.24462365591395,177.91666666666663,12
2.3787092957568587,1.327389065576253,272.25,168.25,118.125,0.6433221817435629,1.4619773232638889,102.06180555555555,0.4784545015609701,0.07361020075192247,89.875,256.0,148.375,141.36693548387098,200.375,8
2.487690880418877,1.5863496390529557,295.77777777777777,155.77777777777774,132.66666666666666,0.5807422413219834,1.381414615077161,117.44104938271609,0.4635967466046632,0.06013027838954418,123.88888888888887,257.0,175.66666666666663,168.94623655913975,209.88888888888889,9
2.4291235248521827,1.4814478267454183,293.2,160.6,129.6,0.5903825112481897,1.362112821777778,116.87111111111112,0.4771098715721451,0.10397874188085132,108.0,258.0,163.8,157.77419354838707,192.4,5
2.2918255666205787,1.3152895869842711,280.57142857142856,166.14285714285714,122.0,0.6127240368991609,1.3525667238293644,109.45714285714287,0.4965334649600165,0.1380351926071344,80.0,259.0,146.85714285714286,140.07834101382488,181.0,7
1.9763101130438416,1.280543475909219,272.0,169.57142857142858,115.57142857142857,0.6732678603366001,1.2504048882936512,98.9904761904762,0.5324960333252144,0.12170844695013355,79.14285714285714,260.0,143.57142857142858,136.3778801843318,189.57142857142856,7
1.970430267965952,1.2719975768590035,270.8333333333333,168.16666666666666,115.0,0.6758295802506465,1.249198847222222,98.91435185185185,0.5343022801121831,0.15581419274646474,84.83333333333333,261.0,141.5,135.46774193548387,179.5,6
2.0914718166077644,1.8234135998788428,245.5,199.5,100.16666666666669,0.6295936692926429,1.2503603180555551,107.13263888888888,0.4998644148890086,0.04981985497345698,107.33333333333331,262.0,202.5,194.19354838709674,156.33333333333334,6
2.474486804054857,2.44020394770054,300.3333333333333,156.16666666666666,139.33333333333334,0.5385472745573835,1.253986074305556,137.05439814814812,0.4280205635373094,0.02772845985949335,160.5,263.0,267.6666666666667,259.88172043010763,161.16666666666666,6
2.298502439986956,1.1844033597781896,252.3076923076923,182.9230769230769,107.30769230769229,0.619816732199829,1.3898758558760678,104.43963675213672,0.5019812438042179,0.0947437877973632,47.615384615384606,264.0,132.84615384615384,126.1389578163772,185.0769230769231,13
2.1515842865831987,0.8885138789727611,288.7142857142857,157.28571428571428,131.71428571428572,0.6552231162620201,1.3832614513888886,98.50059523809523,0.5232479235481542,0.16126293837451966,0.0,265.0,101.14285714285714,94.62672811059907,211.57142857142856,7
2.8098071637627404,1.4983761589849731,346.0,119.11111111111113,170.88888888888889,0.5569369929180462,1.4880481346141978,127.79274691358026,0.4446540358024998,0.10513005646256293,125.44444444444444,266.0,165.0,159.57706093189964,221.22222222222226,9
2.8895289971765603,1.5022648107609489,345.54545454545456,125.1818181818182,169.0909090909091,0.5560127315799112,1.5345362901515154,128.1193181818182,0.4400109327923056,0.07899970344812736,134.54545454545453,267.0,165.9090909090909,159.99120234604106,232.1818181818182,11
2.708754947504477,1.4693119289211976,333.46666666666664,127.93333333333334,163.4,0.5739897229064829,1.4867776472222225,120.8724074074074,0.4568591155829018,0.1213960730125524,115.06666666666666,268.0,162.26666666666668,156.48172043010754,218.0,15
2.6623260758630334,1.3404260689585543,332.8333333333333,132.75,156.58333333333334,0.5777257981455123,1.4662580036805557,121.65520833333336,0.4714695083258004,0.1146238291784136,91.91666666666669,269.0,149.66666666666666,142.75537634408605,227.66666666666663,12
2.6247797110971693,1.2571558382553387,313.6666666666667,144.66666666666666,148.66666666666666,0.6255214757178846,1.552253805023148,109.5277777777778,0.4683843254972013,0.12091734592037108,74.5,270.0,141.0,133.88709677419357,225.33333333333331,6
2.333927482807689,1.2250870816295625,312.125,139.125,145.0,0.6560945110157624,1.4202017328124996,105.4296875,0.4877991373117953,0.11313347779815452,70.125,271.0,136.625,130.47177419354838,217.75,8
2.208592866234234,1.3856327931748196,247.33333333333331,192.33333333333331,102.16666666666669,0.6515703478087767,1.3618503618055557,98.14097222222223,0.5019411861834043,0.08674345461189663,89.0,272.0,153.33333333333334,147.56989247311824,177.0,6
2.5162949799608865,1.4688128772635811,261.14285714285717,176.28571428571428,112.57142857142857,0.6141931996682839,1.4814727,107.04920634920636,0.4764492359398946,0.08361674891464385,91.57142857142857,273.0,163.57142857142858,156.42857142857142,187.57142857142856,7
2.3344369372527067,1.1183468793645988,296.8888888888889,145.77777777777774,138.66666666666666,0.6396041932092151,1.4446465646604938,101.28595679012345,0.4934191586825306,0.1679434683275572,31.444444444444446,274.0,125.44444444444444,119.10394265232976,190.55555555555557,9
2.7018834352881957,1.3425715583825533,321.25,130.08333333333334,155.75,0.5846288447678486,1.5073962569444446,114.32048611111112,0.4520046391234652,0.12881688275281175,92.5,275.0,149.5,142.98387096774192,212.16666666666663,12
2.978026222157496,1.5063102630117624,342.8333333333333,124.25,168.91666666666666,0.5621714267036229,1.581971247581018,124.12974537037034,0.4277053266674721,0.10833355816220162,124.75,276.0,167.25,160.4220430107527,213.16666666666663,12
3.0470633397432887,1.5455312520282989,344.21428571428567,120.85714285714286,171.21428571428572,0.5575722329935666,1.608553501517857,125.43968253968254,0.4275124283237632,0.08564837475558493,137.71428571428572,277.0,170.28571428571428,164.59907834101386,223.2142857142857,14
2.995371732744629,1.4811752233833106,343.3,123.2,169.4,0.5621711242346555,1.5904981191944445,126.56291666666668,0.4346832654829587,0.09846213018153636,126.3,278.0,164.2,157.74516129032256,221.6,10
2.916096374473554,1.4785841146586265,334.27272727272725,130.72727272727272,164.63636363636363,0.5994917788576881,1.6321356130934346,118.23510101010099,0.4309352915547089,0.09726720463214156,116.63636363636364,279.0,164.0,157.4692082111437,218.54545454545453,11
1.9716902451056004,1.0657493347179854,298.14285714285717,146.14285714285714,133.57142857142858,0.6810576021512628,1.2563659196428572,98.02757936507936,0.5344411069377183,0.1937533309863309,7.0,280.0,118.0,113.50230414746544,194.85714285714286,7
1.9360947769441637,0.97626079054975,289.875,151.0,128.875,0.6935575611225369,1.2572207723958333,94.36822916666664,0.5451534089925036,0.203371523271914,0.0,281.0,109.125,103.97177419354837,196.5,8
2.004553822468631,1.0567620778434044,288.8,150.6,127.6,0.6662527029441023,1.250268134861111,96.03236111111113,0.5276081223561568,0.14418213025036364,9.8,282.0,118.9,112.54516129032257,215.7,10
2.2904275861997885,1.1659346761573022,304.1666666666667,145.66666666666666,137.66666666666666,0.6197808761709616,1.3577352537037035,105.47106481481481,0.4971288258228661,0.09874509673085008,64.16666666666667,283.0,130.66666666666666,124.1720430107527,234.0,6
2.304934159020898,1.1538997425412691,304.2,146.4,137.8,0.6201691125048934,1.3657317577777772,105.23527777777778,0.4951118032613992,0.15646005502807478,48.8,284.0,131.2,122.89032258064518,206.8,5
2.7891194152428382,1.596210476719336,341.77777777777777,119.44444444444444,168.11111111111111,0.5484149858774852,1.450501217901235,124.15416666666664,0.4385078078250255,0.09247799375459284,135.11111111111111,285.0,175.66666666666663,169.99641577060933,217.88888888888889,9
2.7892687364487005,1.5773482915691,332.15384615384613,127.07692307692308,163.46153846153842,0.5793144365758194,1.515804919871795,117.82297008547009,0.4312759956833352,0.08232809416025863,130.0,286.0,175.0,167.98759305210916,226.23076923076923,13
2.9916144921792047,1.924469593710848,295.90909090909093,161.36363636363637,132.9090909090909,0.5637289661816363,1.5677874761237376,123.2746212121212,0.4178822882367273,0.04358574506878488,135.63636363636363,287.0,212.63636363636363,204.95601173020532,193.9090909090909,11
2.067670231300803,1.6911793340689296,223.0,222.7142857142857,85.71428571428571,0.6621516090934214,1.3004346662698414,97.41746031746031,0.5057639638741238,0.0481250381611007,93.28571428571428,288.0,189.0,180.11059907834098,156.14285714285714,7
2.4901036680375834,1.7582008178100863,243.8,203.4,99.1,0.6009253716186393,1.423467168333334,110.44513888888888,0.4655292992076587,0.05097095969178782,101.9,289.0,195.0,187.24838709677417,159.5,10
2.448664767348116,1.5938512797213389,243.1,207.6,98.4,0.6157941153782779,1.4343054137499998,109.68277777777777,0.4764130580137872,0.06497573713148015,90.8,290.0,178.3,169.74516129032259,159.9,10
2.4641997608861144,1.6628372384846717,256.7142857142857,188.28571428571428,107.14285714285714,0.5968657501076439,1.4113451931349204,115.6720238095238,0.4709998484580981,0.06284952492748701,100.14285714285714,291.0,183.0,177.0921658986175,157.28571428571428,7
2.5194195917404603,1.5411176737846433,237.16666666666663,204.25,97.25,0.6380940621557549,1.5303024010185189,104.89305555555555,0.4613044504876669,0.06013429023367525,86.33333333333331,292.0,171.66666666666666,164.12903225806454,160.91666666666666,12
2.5151613398445867,1.581023777071028,236.625,200.875,97.25,0.6333353575582752,1.5259244572743058,105.82586805555556,0.4604010701386124,0.0657441756083205,90.125,293.0,175.0,168.3790322580645,153.0,8
2.2360625693833525,1.0892523600383666,257.0,178.33333333333337,111.58333333333331,0.6909505585797686,1.4891795589930557,94.43020833333333,0.4969389602569802,0.16339874592153394,18.666666666666668,294.0,123.75,116.00537634408606,171.25,12
2.8604314132604887,1.670205003235444,307.3636363636364,145.63636363636363,143.8181818181818,0.5925994556521327,1.5829600138762632,120.78611111111108,0.43028505434718106,0.08449271410438132,127.45454545454544,295.0,183.63636363636363,177.87683284457478,188.72727272727272,11
2.5843798346117337,1.5971528093290928,345.83333333333326,130.83333333333334,164.33333333333334,0.5624461586405441,1.3460137210648149,126.97500000000002,0.4493847451965082,0.08216086171143913,146.83333333333334,296.0,176.33333333333337,170.09677419354838,231.0,6
2.4205596260284565,1.419657731334242,337.8181818181818,132.36363636363637,159.27272727272728,0.5929068378391104,1.335040469823233,121.31439393939397,0.4739332517797418,0.12492124721636688,122.54545454545456,297.0,156.63636363636363,151.19354838709674,213.45454545454547,11
2.487667375238564,1.7514008783886112,306.25,155.625,138.25,0.5689839752467766,1.3245150517361106,127.47013888888891,0.4583577106046149,0.08510484249787396,136.875,298.0,192.875,186.5241935483871,178.75,8
2.463571699578269,1.6491952693679182,286.72727272727275,162.63636363636363,129.9090909090909,0.6222030282475296,1.4257379381313133,114.20959595959593,0.46111350170018,0.100779468747588,118.45454545454544,299.0,184.54545454545453,175.6392961876833,168.72727272727272,11
2.9158660741900846,1.568334739620519,289.7142857142857,160.28571428571428,131.28571428571428,0.5927053844736275,1.6204421731547616,119.32400793650793,0.4462865673220822,0.09395307546306032,114.42857142857143,300.0,174.4285714285714,167.02764976958525,182.7142857142857,7
2.2223484917536687,0.9699757685900348,236.875,202.125,101.625,0.6749015503336948,1.4798323361111108,94.47465277777779,0.5087798469173956,0.10328239869752996,0.0,301.0,110.25,103.30241935483872,184.5,8
2.2311328454386112,0.9791586574866904,235.84615384615384,194.6923076923077,102.15384615384615,0.6756340109708001,1.482749619497863,94.19647435897436,0.5090047605385337,0.0951667013492024,0.0,302.0,112.30769230769229,104.2803970223325,186.23076923076923,13
2.167927335425115,0.9154020899591097,231.2,201.4,99.2,0.6857444364488046,1.4618918333333328,92.46472222222224,0.5217894354649022,0.11347490258123978,0.0,303.0,105.6,97.49032258064516,183.4,5
2.1181538412488203,1.1424677094827027,269.2857142857143,177.28571428571428,115.42857142857143,0.6763190249681198,1.361736349603175,98.70654761904764,0.51785836224557,0.16409044236511153,35.57142857142857,304.0,130.28571428571428,121.67281105990784,173.85714285714286,7
2.205198682421885,1.3341255140437327,282.92307692307685,165.61538461538458,123.69230769230771,0.6517596782733242,1.362222011431624,105.41848290598291,0.5006922964267564,0.10607931079870866,80.53846153846153,305.0,148.38461538461542,142.08436724565755,190.84615384615384,13
2.1200853711493517,1.0935559594123885,261.375,176.125,113.375,0.7125546223291971,1.4365464743055556,93.2144097222222,0.5083316365530671,0.1413168810746515,19.25,306.0,122.875,116.46370967741936,180.375,8
2.4323015028916246,1.162455294213586,265.3076923076923,175.3076923076923,116.07692307692308,0.6560344441880956,1.5492265013461537,100.30950854700852,0.4786412091154994,0.11673568910468222,38.46153846153846,307.0,131.15384615384616,123.80148883374692,184.23076923076923,13
2.830770707167755,1.5612600333181887,251.83333333333331,188.33333333333331,108.83333333333331,0.610724806963058,1.6322050351851851,112.98032407407408,0.4376568937821201,0.07254604728580721,94.5,308.0,174.16666666666663,166.27419354838707,147.16666666666666,6
2.7252002569318856,1.5754354081478117,247.9,194.2,105.2,0.6088584427314603,1.5932300109722228,112.16513888888888,0.4425951895136888,0.05463771567071622,94.2,309.0,175.5,167.7838709677419,161.1,10
3.6410294753385966,2.0406380937957493,315.3333333333333,154.83333333333334,153.66666666666666,0.5236874749693771,1.7617473129629635,148.34212962962962,0.3779080978724624,0.042521996797448745,155.66666666666666,310.0,223.83333333333331,217.32795698924733,159.83333333333334,6
3.764316764576675,2.157537819509651,318.8888888888889,145.66666666666666,151.11111111111111,0.5241142830430086,1.8099713020061732,146.99135802469138,0.3746187020356097,0.0356092414390964,159.0,311.0,236.11111111111111,229.77777777777774,162.22222222222226,9
2.145442380509789,1.1912766924125398,259.8333333333333,180.33333333333331,110.5,0.6611030773586485,1.3455386270833334,96.93958333333336,0.5079076468769451,0.10964635178787713,67.0,312.0,134.5,126.87096774193549,188.66666666666663,6
2.15452442710051,1.230652733605937,263.1111111111111,177.66666666666663,111.22222222222223,0.6623444148697964,1.350637949691358,97.31018518518519,0.5069726868592249,0.13960121620581645,73.77777777777777,313.0,137.66666666666666,131.06451612903226,178.66666666666663,9
2.2857012979433144,1.4163259124640315,277.875,168.625,119.0,0.6342204702779705,1.3616000197916671,105.07916666666668,0.4871261084856377,0.11166367882706134,107.0,314.0,155.75,150.8387096774194,184.0,8
2.3723960826803427,1.8504013327275481,241.0,200.7,99.2,0.6046856739990168,1.3657567348611108,108.83819444444444,0.4641584467965949,0.04465376183673405,109.3,315.0,205.7,197.06774193548387,161.9,10
2.3398915384838643,1.6082386793881571,220.2,216.6,88.2,0.6533241391852442,1.4554621244444443,97.88444444444444,0.4670084942075056,0.044474179178235915,92.0,316.0,178.6,171.27741935483868,162.0,5
2.8717616024366133,1.6806249684486851,240.83333333333331,197.08333333333331,99.5,0.6105107701541784,1.6009466601851852,108.59409722222223,0.4399070528565519,0.04917626768141307,97.66666666666669,317.0,186.25,178.98655913978496,157.25,12
2.723984027593677,1.6198422204782952,240.54545454545453,203.1818181818182,99.1818181818182,0.6136296008854955,1.595659149065657,109.0973484848485,0.4462715277693228,0.051240552337604335,92.72727272727272,318.0,180.45454545454547,172.51319648093846,160.54545454545453,11
3.5939419159537898,2.09289716795396,311.8,151.9,146.7,0.5341745384068844,1.7632668723611118,142.6275,0.3849348822399991,0.0581070222646868,147.6,319.0,230.1,222.8935483870968,141.7,10
2.6873670025359133,1.6965015901862792,298.3333333333333,161.44444444444446,134.77777777777777,0.5619682863428067,1.4263961825617286,125.54243827160492,0.4537352407252545,0.07829691676283518,127.77777777777777,320.0,187.77777777777774,180.67741935483872,182.33333333333331,9
2.8580431006256224,1.7943359079206418,319.8888888888889,142.66666666666666,150.44444444444446,0.5415575347156949,1.4603049918209876,135.3222222222222,0.4340095470026216,0.10448348667219393,147.77777777777774,321.0,197.44444444444446,191.09677419354838,164.44444444444446,9
2.1665914192812306,1.1010819997644168,248.66666666666663,189.33333333333331,104.55555555555556,0.6450568404149705,1.3552670753240743,100.04135802469135,0.5179233003264071,0.10166909976726753,20.555555555555557,322.0,123.66666666666669,117.26523297491042,181.22222222222226,9
1.8122117659285264,1.0559846534403556,231.33333333333331,193.11111111111111,100.11111111111113,0.7158270698415444,1.25534785308642,87.79552469135803,0.5676538390415684,0.08324345796362753,5.333333333333333,323.0,118.0,112.46236559139786,187.44444444444446,9
1.815393516729937,1.0679236710586095,231.125,195.625,99.875,0.7147354604499712,1.255964172569444,87.77760416666668,0.5667264507556405,0.08032198025749111,7.875,324.0,120.125,113.73387096774192,188.125,8
1.8011166143543953,0.8428828646911337,215.22222222222226,202.55555555555557,94.22222222222223,0.7705400833582394,1.3493089373456788,79.1577160493827,0.5695311904719298,0.0912562792978036,0.0,325.0,95.22222222222223,89.76702508960574,180.44444444444446,9
1.6992905202043302,0.5415417234590338,258.4,155.2,122.9,0.8225194531047423,1.3477131769444444,74.68291666666667,0.6058302687528727,0.2515898165447953,0.0,326.0,64.0,57.6741935483871,188.6,10
1.7070173007980811,0.5001430326282665,253.66666666666663,156.88888888888889,120.66666666666669,0.821566739018615,1.3475491614197532,73.04645061728395,0.6047128130541367,0.24570057623302435,0.0,327.0,59.22222222222222,53.26523297491039,185.77777777777774,9
2.423989583512015,1.3093543338886364,234.16666666666663,207.66666666666663,95.83333333333331,0.6123194775051872,1.4452583769907408,107.8502314814815,0.4850445438005698,0.07721106120736343,65.5,328.0,145.66666666666666,139.44623655913978,159.0,6
2.350104665804774,1.2592760866272903,222.16666666666663,218.16666666666663,89.16666666666669,0.6295792191089312,1.448833882175926,103.00092592592593,0.493229937427683,0.08770080091199602,47.83333333333334,329.0,144.16666666666666,134.11290322580643,157.83333333333334,6
2.3636528522177587,1.3143116765106768,216.8,223.7,87.0,0.6341812579897665,1.4555339653750003,99.94458333333333,0.4963969209164029,0.06748062866189694,57.7,330.0,148.1,139.97419354838706,159.3,10
2.9467050513947037,1.8947069513857335,270.75,180.75,117.625,0.5603822142238625,1.5505795702430556,124.38385416666668,0.4352529769908096,0.05365886196382115,119.5,331.0,208.75,201.78629032258067,156.375,8
3.0774208426655942,2.0089353324246555,273.25,178.625,119.5,0.5479006264591288,1.5738413469444443,128.11649305555557,0.4243211991370349,0.044554495968957435,120.875,332.0,222.375,213.95161290322582,160.125,8
2.6329445474522126,1.4117825230955623,288.42857142857144,159.28571428571428,130.42857142857142,0.5976975452220186,1.5031075857142857,111.78373015873017,0.4656541614192545,0.1220734881187374,95.0,333.0,157.42857142857142,150.3548387096774,183.28571428571428,7
2.4823009949182597,1.2070271088898985,263.4,170.8,116.6,0.6515051713948068,1.5571347105555566,98.77111111111113,0.4725055498501208,0.0939486565828868,56.0,334.0,135.4,128.5483870967742,194.2,5
2.3876444361679887,1.3762305012872935,267.125,175.375,115.0,0.6652967552057782,1.475135030208333,99.47447916666668,0.4732210429454336,0.08488691645678309,87.5,335.0,153.875,146.5685483870968,191.125,8
2.692107190048911,1.3998561260033318,288.375,160.5,131.375,0.6076552976116193,1.558286372309028,111.64166666666668,0.4541738518574253,0.099665850843963,100.375,336.0,156.125,149.08467741935482,186.375,8
2.3798991689148403,1.4988425174704143,287.85714285714283,160.85714285714286,126.14285714285714,0.6340269331150044,1.4060104792261907,108.51944444444443,0.47038185373715297,0.1025474716485255,112.85714285714286,337.0,168.42857142857142,159.6267281105991,184.28571428571428,7
2.4533237598365725,1.6500984401029837,304.0,153.06666666666666,136.33333333333334,0.5866255645796219,1.3450180529629625,119.40379629629629,0.4674159850259431,0.10579634214114868,127.86666666666666,338.0,182.7333333333333,175.73548387096784,187.13333333333333,15
1.881846634371492,0.8754462257415462,244.57142857142856,194.28571428571428,104.57142857142857,0.7035617444136767,1.2901917484126992,88.65476190476191,0.5629642954392329,0.15211471749635316,0.0,339.0,101.71428571428572,93.23502304147465,186.28571428571428,7
1.8938067039082025,0.8689232167196729,241.5,188.375,103.875,0.7025724566904019,1.2861616399305555,87.24635416666666,0.5620583061240757,0.1501753347642281,0.0,340.0,99.75,92.54032258064517,185.0,8
1.8979037017846059,0.8582895220787087,239.78571428571428,190.7142857142857,103.14285714285714,0.7023225736256159,1.2940043072420635,86.99960317460318,0.5599381956271072,0.17366561295095614,0.0,341.0,98.07142857142857,91.40783410138249,178.78571428571428,14
2.0406000880634902,1.3262658387601596,208.66666666666663,227.22222222222226,83.0,0.6546296402854297,1.2967876969135803,94.43719135802469,0.5256191958578857,0.059657849721023615,64.1111111111111,342.0,149.77777777777774,141.247311827957,156.55555555555554,9
2.1437508517077744,1.4421390950241473,215.33333333333331,218.22222222222226,87.33333333333331,0.6329621292557959,1.307251846604938,98.69675925925924,0.5055506596910937,0.056915394913847873,77.33333333333333,343.0,160.55555555555554,153.58781362007167,158.55555555555554,9
1.9936405149866152,0.7376445050229693,219.0,207.5,92.33333333333331,0.7427648650071855,1.4538028317129632,82.0162037037037,0.5398232217844198,0.1143032921728554,0.0,344.0,85.83333333333333,78.55913978494623,180.16666666666663,6
2.5853064017051337,1.5039051513381363,262.85714285714283,179.85714285714286,112.14285714285714,0.6408436816060986,1.5550261270436507,104.12182539682541,0.459573622536579,0.09746069962866898,99.85714285714286,345.0,166.85714285714286,160.16589861751154,170.14285714285714,7
2.6390224180898807,1.6013175829168558,259.25,182.875,110.75,0.6318886549847477,1.5622186878472226,104.46684027777776,0.4531350464812841,0.0657499270192206,104.25,346.0,179.125,170.54032258064515,181.125,8
2.583240484374116,1.5801235128813502,263.0,178.11111111111111,113.66666666666669,0.6327056107406526,1.5336116455246915,104.54861111111113,0.4544048179304194,0.05532152419976182,104.55555555555556,347.0,175.77777777777774,168.28315412186382,186.33333333333331,9
2.740715185178052,1.668601813990274,273.77777777777777,166.55555555555554,120.11111111111113,0.6132568618199016,1.5663623389660488,111.12824074074075,0.4381135504358338,0.07388458230376221,120.77777777777777,348.0,184.66666666666663,177.70609318996418,172.33333333333337,9
2.3008479691443817,1.6522792669998485,264.7142857142857,176.4285714285714,111.28571428571428,0.658182277723213,1.4030122523809525,102.91944444444445,0.4646467519379231,0.05590264763429972,120.85714285714286,349.0,182.14285714285717,175.96774193548384,178.14285714285714,7
2.3573754390698274,1.9337169973244484,290.3333333333333,160.83333333333334,126.5,0.589907134664852,1.2999246226851853,117.72175925925926,0.4500155761477549,0.03704012261028996,141.16666666666666,350.0,212.66666666666663,205.94086021505382,191.33333333333331,6
2.309988695480904,1.4829118077641477,319.8333333333333,139.0,143.83333333333334,0.6053520191140165,1.3011078912037035,112.37245370370371,0.4613319001491666,0.08202639828754232,137.33333333333334,351.0,163.16666666666666,157.93010752688173,225.5,6
1.929309758558232,0.8774294512595285,239.33333333333331,186.16666666666663,101.66666666666669,0.7763446164630854,1.403762691898148,81.29027777777776,0.5464630853922835,0.20767987550189207,0.0,352.0,98.66666666666669,93.44623655913979,165.33333333333334,6
1.8842134680381184,0.8739966681811298,242.875,183.75,104.125,0.791286251384417,1.40261506388889,81.81180555555557,0.5568820741815766,0.1961770070171051,0.0,353.0,99.375,93.08064516129032,168.875,8
1.9245001943554123,0.9795114774669524,248.42857142857144,175.85714285714286,107.42857142857143,0.7799211439865853,1.4086380976190471,84.35456349206349,0.5462923004866457,0.16940324675940605,0.0,354.0,111.14285714285714,104.31797235023045,174.14285714285714,7
2.3733747650791286,1.612411025291534,301.0,152.625,138.5,0.6459897857102668,1.4022680203124998,112.39635416666668,0.45438966258213104,0.09322774214202552,132.5,355.0,177.125,171.72177419354838,183.0,8
2.3922122591686845,1.7845297592003635,322.5,139.25,153.0,0.5853686037112505,1.299186469097222,125.82847222222222,0.4474007817705229,0.057849171338069084,152.5,356.0,196.25,190.05241935483872,196.5,8
2.486466116704352,2.2347850544124968,300.7142857142857,153.57142857142858,142.42857142857142,0.5589532408313751,1.3014444081349203,134.90714285714284,0.4273187108405125,0.054778004196859284,156.28571428571428,357.0,245.0,238.00460829493085,144.0,7
2.4656277774123363,2.226967540007068,302.1666666666667,154.0,144.5,0.5616720899234783,1.2981150509259256,134.87824074074072,0.430596735845105,0.058440830077579276,159.0,358.0,243.33333333333331,237.17204301075267,142.0,6
3.114398502886934,2.025291534151143,315.0,153.6,148.0,0.5293111249172482,1.5360986409583337,144.10347222222222,0.4097539669414157,0.06046210242443473,153.6,359.0,221.8,215.69354838709683,154.1,10
1.7746128402590828,0.7797592003634711,212.875,206.5,91.5,0.7568482271476789,1.3003010522569447,78.88263888888889,0.5788499818055317,0.12838344712417918,0.0,360.0,88.5,83.04435483870967,173.375,8
1.7727170887889498,0.6026957443586249,205.0,209.2,90.2,0.8137067136703324,1.4006533311111116,72.13861111111113,0.5786059557972391,0.11703155808912155,0.0,361.0,69.4,64.18709677419353,175.8,5
2.0264773730468963,0.7797592003634709,217.625,206.25,93.5,0.7412211991636731,1.4645552810937503,81.5329861111111,0.5359496467817846,0.10346867993131786,0.0,362.0,90.25,83.0443548387097,178.125,8
2.647466109326164,1.6588130936154564,265.2857142857143,181.28571428571428,115.42857142857143,0.6198472269975657,1.5442691748015875,107.63670634920638,0.4455698025522429,0.05406598865087848,111.71428571428572,363.0,185.57142857142856,176.6635944700461,182.85714285714286,7
2.572110296329305,1.3703871977384017,311.5,146.5,143.83333333333334,0.6354280933157002,1.5330790511574068,106.57337962962966,0.4537259057742762,0.07497714907319153,103.0,364.0,153.33333333333334,145.94623655913978,225.5,6
2.722066500586533,1.4958135912247683,322.2857142857143,135.71428571428572,153.71428571428572,0.614870377327459,1.5579468632936506,113.05992063492063,0.4365881663199127,0.07894554001913588,123.85714285714286,365.0,165.0,159.30414746543778,236.7142857142857,7
2.6220744250934365,1.3311827956989246,318.6,139.0,150.0,0.637759416638369,1.5554021219444445,109.47458333333331,0.4535188530232214,0.1117828979077384,102.6,366.0,147.2,141.77096774193555,209.9,10
2.558094497208101,1.3402493815942251,319.3333333333333,141.83333333333334,149.5,0.6305114338130443,1.5126275131944442,110.11481481481479,0.4540750427438495,0.07289183887853788,99.5,367.0,150.33333333333334,142.7365591397849,232.66666666666663,6
2.1964691728729573,1.5282750265031046,286.8,159.0,127.0,0.6702997067600064,1.3574898544444443,105.54972222222223,0.4869200825626915,0.07472039987952768,111.8,368.0,170.0,162.76129032258063,196.2,5
2.186622097867403,1.4531105389805985,286.22222222222223,161.0,128.22222222222223,0.6706749009762992,1.3550639620370375,104.93950617283949,0.4881020183631543,0.12477274732814472,110.55555555555556,369.0,162.66666666666666,154.7562724014337,178.55555555555554,9
2.2053835760906244,1.6264122368620324,309.6,146.8,143.0,0.6111147393775239,1.2503254958333334,118.39861111111112,0.483580788726127,0.0899597367952881,132.8,370.0,179.0,173.21290322580643,191.0,5
1.7281226113180648,0.8519936825252591,246.7142857142857,176.4285714285714,107.57142857142857,0.7469296309065468,1.251755336507937,85.4234126984127,0.5954626132022618,0.20559570588589465,0.0,371.0,96.71428571428572,90.73732718894009,174.28571428571428,7
1.8714096480700373,1.3369175627240144,216.83333333333331,220.0,87.08333333333331,0.6846361547190883,1.2497037604166659,93.51354166666668,0.5502407609916103,0.07551393251590154,62.5,372.0,149.83333333333334,142.3817204301075,158.08333333333334,12
1.8162861460282265,1.2647497890569221,207.42857142857144,235.14285714285717,81.71428571428571,0.7031722008662046,1.248661545238095,89.37142857142855,0.5659899012128006,0.0832374118374837,50.57142857142857,373.0,142.14285714285714,134.69585253456222,156.71428571428572,7
1.8384418062108567,1.2504705653274486,198.7142857142857,239.14285714285717,79.42857142857143,0.6956456797981639,1.2443075720238093,87.6684523809524,0.5579673722521586,0.06320279279439378,49.85714285714285,374.0,140.28571428571428,133.17511520737327,155.28571428571428,7
2.176948794463692,1.3143376387356398,217.14285714285717,230.14285714285717,87.14285714285714,0.6408090934304465,1.3584848769047622,98.4906746031746,0.5156427554445132,0.07174344704752549,59.85714285714285,375.0,149.71428571428572,139.97695852534562,158.57142857142858,7
3.0605227672299518,1.7054672118733911,315.7,145.5,144.2,0.5395256145451092,1.5532273587916667,137.35291666666666,0.4369406345648855,0.0917110458908938,135.1,376.0,187.7,181.6322580645161,179.8,10
2.278690178985344,1.092054116815589,255.91666666666663,183.66666666666663,109.41666666666669,0.6228097688164862,1.401642809270833,105.88703703703705,0.5070902595326306,0.1254037242277025,19.83333333333333,377.0,124.41666666666669,116.3037634408602,179.33333333333337,12
2.121295015085752,0.8788597775421946,291.22222222222223,158.0,132.88888888888889,0.6569603687537151,1.3743058245370376,100.69521604938275,0.5320332004485355,0.15038545276149445,0.0,378.0,100.77777777777777,93.59856630824372,225.11111111111111,9
2.05733786947699,0.6806754505527791,273.5,161.625,125.125,0.7177394889758785,1.4650767711805557,88.54774305555556,0.536236433197977,0.20109410089054364,0.0,379.0,79.375,72.49193548387099,188.0,8
2.0164316090585968,0.6453505982129335,271.5,163.75,124.75,0.7259269051536427,1.448112312498263,86.35086805555555,0.5479161665840557,0.21256427468348948,0.0,380.0,77.125,68.72983870967742,195.5,8
1.7788741983825669,0.5609571406936241,265.8333333333333,159.5,124.33333333333331,0.7921680522676087,1.3780140090277777,78.39837962962962,0.5904940486646567,0.2450497371557501,0.0,381.0,65.66666666666667,59.74193548387096,195.66666666666663,6
1.7870963739254526,0.5578272502397899,264.0,159.33333333333334,124.77777777777777,0.7891880008920064,1.3776605072530859,78.78395061728395,0.5880599383155423,0.2629719325937401,0.0,382.0,66.22222222222223,59.40860215053765,185.77777777777774,9
1.797491323876323,0.5396873475019772,258.0,165.22222222222226,121.11111111111113,0.7898300733766539,1.3774646331790128,76.98842592592592,0.5848756505176246,0.2021061303975372,0.0,383.0,62.88888888888889,57.47670250896057,212.22222222222226,9
2.7551708000105686,1.3819062960362372,325.8181818181818,135.45454545454547,156.0,0.5994644777002907,1.5654503367424242,116.83257575757578,0.4475527461009813,0.08084932337181193,105.0,384.0,153.63636363636363,147.17302052785925,227.27272727272728,11
2.8343824245912224,1.4903831591700738,347.25,121.125,170.0,0.562386096042964,1.504150328645833,128.03298611111111,0.4469310579478412,0.1206276041459125,131.625,385.0,165.0,158.72580645161293,205.125,8
2.8373950701301984,1.4497306419160123,342.0,123.14285714285714,167.71428571428572,0.5655070179379811,1.515291813373015,127.13690476190473,0.4532319506661177,0.10241859336398472,116.0,386.0,160.85714285714286,154.39631336405532,222.14285714285717,7
2.5152518320073534,1.5601999091322127,349.5,125.875,164.5,0.5658421808177696,1.3233285260416667,128.17743055555556,0.4542363215003491,0.12777781149527107,142.0,387.0,172.0,166.1612903225806,206.75,8
2.6275506906168857,1.8869074663031955,318.375,141.0,149.0,0.5521317848850299,1.3479071945138892,133.59357638888892,0.4433253762241221,0.04831065971496479,151.625,388.0,208.125,200.95564516129036,197.875,8
2.7415984656583428,2.005997273966379,317.6,141.5,147.4,0.5335490205224667,1.3728170094027778,135.10208333333335,0.42551279858749896,0.05506506440667934,160.3,389.0,220.2,213.63870967741937,188.0,10
2.001670710765637,1.0911293764542287,234.27272727272728,195.1818181818182,98.8181818181818,0.6698648359250672,1.2973594498737375,92.52121212121212,0.5360470193679734,0.08366434057673805,19.363636363636363,390.0,122.8181818181818,116.20527859237535,183.3636363636364,11
1.9359213605849075,0.9896800155773348,229.14285714285717,203.42857142857144,94.71428571428572,0.6855114480531795,1.2865489001984125,89.60456349206349,0.5488200059964204,0.15795105139454227,4.142857142857143,391.0,113.14285714285714,105.40092165898619,166.57142857142858,7
2.0283201913242177,0.993891665404614,232.5,202.0,96.5,0.6748718269160241,1.3362357736111112,92.57569444444445,0.5421596394376456,0.1032169341608438,0.0,392.0,113.0,105.8494623655914,181.66666666666663,6
1.899290058646656,0.6987732848705134,275.14285714285717,161.14285714285714,124.0,0.7079211343054305,1.314931828710317,87.94861111111112,0.5685572904439361,0.2478085935194788,0.0,393.0,83.42857142857143,74.4193548387097,190.42857142857144,7
1.6828076745127762,0.5535146362043227,263.0,157.85714285714286,120.57142857142857,0.7755237152507483,1.2554543617063494,78.68373015873017,0.6121959650179243,0.2860559357809879,0.0,394.0,65.57142857142857,58.949308755760384,175.71428571428572,7
1.7108319002219219,0.6344302373380065,265.14285714285717,156.85714285714286,120.85714285714286,0.7628114222694043,1.252858785515873,80.63769841269844,0.6031636469652643,0.21626806356295272,0.0,395.0,73.14285714285714,67.56682027649771,210.85714285714286,7
1.6997498896695007,0.6892105320092601,272.2857142857143,157.85714285714286,122.42857142857143,0.7610176080104084,1.2482980900793652,83.55813492063491,0.6065129245284167,0.2721922052659509,0.0,396.0,79.57142857142857,73.40092165898616,185.85714285714286,7
1.689336731741501,0.7023474178403756,274.6,151.6,127.4,0.7628247022545109,1.2439471461111111,84.0013888888889,0.6099823062577772,0.2442836183729181,0.0,397.0,80.6,74.79999999999998,200.6,5
1.682474188637585,0.5430486142662427,261.25,157.625,124.5,0.8250460828663123,1.3430584472222216,75.5875,0.6114934102571821,0.2868618841362007,0.0,398.0,64.75,57.83467741935484,182.25,8
2.1634171828815143,1.2205274658704917,308.85714285714283,141.42857142857142,140.28571428571428,0.6741336297552872,1.3430602988095235,103.4982142857143,0.4950461043630466,0.1343023876574547,89.0,399.0,136.14285714285714,129.98617511520737,214.85714285714286,7
