max_pop,max_time,avg_dsr_spd,ATR,rep_num,avg_a_spd,MDB,cong_time,cong_ratio,MRD,avg_spd_ratio,id,max_pop2,avg_duration,MFR,MET
167.5,181.75,1.445440863310185,2.372842331037593,12,0.6495122467668845,1.501009642081882,103.75,0.06373146937153332,106.91666666666667,0.4720973523502034,0.0,159.85752688172042,101.26481481481481,185.75,256.1666666666667
176.66666666666666,169.33333333333334,1.4433635070601847,2.499492892779701,12,0.6178559629548559,1.5880912716442024,114.08333333333333,0.09684245638210269,121.83333333333333,0.4635797841992899,1.0,169.13172043010752,110.92951388888889,170.0,276.6666666666667
168.0,177.8181818181818,1.5637162804671723,2.685764283770647,11,0.612603654504078,1.5062024148802886,97.63636363636364,0.08480851400320022,120.0,0.4569746881629463,2.0,160.41055718475076,110.11982323232323,173.63636363636363,270.45454545454544
174.0,166.7,1.2672927677777774,2.119289756920858,10,0.6379750648816715,1.571225200666364,115.5,0.11457803631580674,120.2,0.4984400364937313,3.0,167.33548387096772,108.30430555555556,172.5,276.9
185.44444444444446,178.11111111111111,1.3475584558641966,2.3364539436180043,9,0.6181762748644107,1.6657075066888787,117.0,0.0741354213528794,116.11111111111111,0.474998796629922,4.0,177.3978494623656,109.10432098765433,175.11111111111111,272.1111111111111
166.72727272727272,173.27272727272728,1.316324343434343,2.1673417357672005,11,0.6491055553514191,1.4931504963308688,104.45454545454545,0.09704327555390412,114.27272727272727,0.4991934220209513,5.0,159.02052785923755,104.51047979797978,176.45454545454547,268.27272727272725
159.22222222222223,180.88888888888889,1.4490239560185183,2.38691675827526,9,0.6403050048763029,1.4160903293115925,92.77777777777777,0.07689459624356253,113.66666666666667,0.47605956720989856,6.0,150.81362007168457,105.6283950617284,178.77777777777777,266.55555555555554
170.42857142857142,180.0,1.4578969570833336,2.4779623217087274,7,0.6256539138983319,1.5429782999069686,107.28571428571429,0.06918895514682212,112.71428571428571,0.46852827552202964,7.0,164.32718894009216,106.81607142857142,177.28571428571428,267.42857142857144
169.83333333333334,190.25,1.456420037384259,2.584006635182392,12,0.5918459464924596,1.5223888131657326,102.83333333333333,0.07500170628653341,122.25,0.46809746438660493,8.0,162.13440860215053,115.00231481481482,175.25,279.8333333333333
174.4,187.0,1.4293710731944445,2.4575432197413014,10,0.6147771420827319,1.5741026805997276,105.7,0.0641903325593918,121.1,0.4743677824692528,9.0,167.64193548387095,112.26152777777779,171.7,278.0
175.8181818181818,188.0,1.574530133194444,2.729925596275889,11,0.6098996651131735,1.5890573155452756,113.72727272727273,0.06018896693923577,121.63636363636364,0.4433714518610744,10.0,169.23460410557183,111.69469696969696,166.1818181818182,275.27272727272725
166.11111111111111,179.22222222222223,1.402099251851852,2.30317371954569,9,0.6470623114201692,1.4958183990442053,97.88888888888889,0.07874558140253447,105.33333333333333,0.48276682390591064,11.0,159.30465949820785,101.22175925925927,189.22222222222223,256.3333333333333
191.5,176.0,1.2966275759259258,2.3329808500624516,6,0.5924254331755675,1.736382452420617,136.33333333333334,0.06787911287160238,125.66666666666667,0.4620192101935121,12.0,184.92473118279568,116.8162037037037,162.33333333333334,289.5
182.0,184.25,1.4206942819444446,2.5785552715890514,8,0.584736737522856,1.6419430561865818,115.75,0.07373293568352336,125.375,0.4641847810206544,13.0,174.86693548387092,116.81840277777778,168.75,284.125
197.2,189.4,1.4647474340000002,2.762046079674183,10,0.5668210310369883,1.7964561562925945,131.6,0.05536513278852724,130.9,0.44658669956059543,14.0,191.3225806451613,123.62791666666666,157.1,294.8
159.15384615384616,191.30769230769232,1.550297928205128,2.5882292944201,13,0.6312281334123772,1.4323093232679787,89.23076923076923,0.06310806752941077,117.15384615384616,0.4596569955200197,15.0,152.5409429280397,107.69070512820511,173.76923076923077,269.38461538461536
184.71428571428572,179.42857142857142,1.433732988373016,2.642180801390644,14,0.5754792444523332,1.6596135955518054,123.57142857142857,0.08594757365781976,129.92857142857142,0.45867307648372335,16.0,176.74884792626725,121.00783730158732,163.42857142857142,291.92857142857144
151.85714285714286,174.21428571428572,1.387903163988095,2.214712035695218,14,0.669324414317959,1.3612210899807449,86.64285714285714,0.09703178945908118,110.92857142857143,0.4972591354117194,17.0,144.97004608294932,100.77063492063492,183.85714285714286,262.35714285714283
169.625,168.875,1.3692877213541668,2.380178882936562,8,0.611512141000165,1.52241405421778,103.5,0.13313432610366693,117.625,0.48395835219728944,18.0,162.13709677419354,111.41250000000001,177.0,272.5
189.0,183.75,1.4618754739583333,2.663490797930692,12,0.5819694313678297,1.7147761118683427,125.91666666666667,0.0611309986305179,125.58333333333333,0.45045079651806746,19.0,182.6236559139785,117.67349537037036,163.08333333333334,285.0833333333333
179.42857142857142,181.42857142857142,1.3812327374801587,2.4552876305431015,7,0.5985268094340574,1.6222063564180782,118.71428571428571,0.0865015350858263,128.85714285714286,0.4704326796709136,20.0,172.76497695852532,116.82936507936506,167.57142857142858,287.2857142857143
167.71428571428572,177.42857142857142,1.3846163310912696,2.2526593835342004,7,0.6569708753868836,1.4956837800999545,100.85714285714286,0.06844519233050049,110.0,0.4880519518262313,21.0,159.29032258064515,102.06448412698413,185.0,260.0
189.0,176.0,1.3787566182870374,2.467611128913616,6,0.5920841219642997,1.6933716997324446,114.66666666666667,0.08255275322058724,119.66666666666667,0.46972166889408307,22.0,180.34408602150538,114.72708333333334,169.83333333333334,279.6666666666667
194.11111111111111,179.0,1.2938687813271605,2.3467834812849926,9,0.5885063253661159,1.7593686371514634,135.55555555555554,0.06707230984561574,126.33333333333333,0.4663444649160487,23.0,187.3727598566308,117.38533950617284,163.22222222222223,288.77777777777777
184.9090909090909,183.72727272727272,1.3273985281565663,2.275150006579486,11,0.6220901673373201,1.6722977159142538,117.72727272727273,0.06110955996176116,111.72727272727273,0.47553097888064055,24.0,178.09970674486806,107.44191919191918,177.54545454545453,267.72727272727275
168.25,180.0,1.5510722079861112,2.65659600788011,12,0.6160359566131448,1.514942702811853,100.58333333333333,0.08031362228171766,116.91666666666667,0.4592086973672647,25.0,161.34139784946237,108.80914351851851,172.25,268.0
167.0,187.0,1.4710405966666666,2.458449311646145,10,0.6310716760455962,1.4884749356353173,92.8,0.0720687524790171,108.6,0.4718713976291259,26.0,158.5225806451613,104.85847222222223,185.8,259.7
168.0,178.85714285714286,1.4745272386904762,2.417735570519522,7,0.6507454197272052,1.5230739274355811,107.28571428571429,0.07930931613675353,107.0,0.46495127920062884,27.0,162.2073732718894,101.64702380952382,179.14285714285714,257.2857142857143
169.0909090909091,180.8181818181818,1.5362560529040408,2.7033081488644153,11,0.6003239619200456,1.5195847617474152,106.63636363636364,0.08078452004023157,125.18181818181819,0.45487141412774507,28.0,161.83577712609966,115.08573232323234,166.63636363636363,283.09090909090907
172.14285714285714,181.0,1.503925247857143,2.7597380442472326,7,0.5755440621432877,1.5547478418900502,114.85714285714286,0.08495715667659054,133.14285714285714,0.4502314092813842,29.0,165.58064516129033,123.17996031746034,159.42857142857142,294.42857142857144
150.42857142857142,169.0,1.3327713357142856,2.0380675986000907,7,0.6991390538351846,1.3515934315570843,85.85714285714286,0.12153680747427395,107.28571428571429,0.5190968975811161,30.0,143.9447004608295,96.33313492063493,189.28571428571428,254.57142857142858
192.75,178.375,1.3822402041666662,2.5238063611835915,8,0.5849475242886604,1.7508329547175527,132.25,0.06747383866811779,131.0,0.4525943563051423,31.0,186.46370967741936,119.32378472222223,160.0,294.0
151.85714285714286,175.14285714285714,1.421587676984127,2.176661482274707,7,0.7033409341362326,1.3694208260314575,84.0,0.08279148352764998,101.71428571428571,0.4985439325441722,32.0,145.84331797235023,94.23611111111111,189.57142857142858,246.71428571428572
154.16666666666666,170.66666666666666,1.460710915277778,2.333464932731661,6,0.67061018745179,1.3915896814579234,88.33333333333333,0.1068695000022543,113.0,0.480024918231005,33.0,148.20430107526883,102.22662037037037,178.5,265.1666666666667
167.9090909090909,172.45454545454547,1.4635080911616165,2.407380427028985,11,0.6475377637108658,1.5003923836272768,99.81818181818181,0.09682151345216262,109.27272727272727,0.47230504788973254,34.0,159.79178885630498,102.61161616161617,181.72727272727272,259.1818181818182
163.22222222222223,179.22222222222223,1.5203671378086432,2.531361829567202,9,0.6324817060692719,1.4683224796809533,95.77777777777777,0.08575319151239882,109.88888888888889,0.4653398563045945,35.0,156.3763440860215,104.36003086419754,184.11111111111111,261.44444444444446
176.0,161.14285714285714,1.3715201761904756,2.3442866320764506,7,0.6243221025157064,1.599922113325112,118.14285714285714,0.11850847020240603,121.14285714285714,0.4723355346950641,36.0,170.3917050691244,110.96289682539683,168.71428571428572,280.14285714285717
178.14285714285714,179.0,1.4203096670634923,2.411289051687799,7,0.6274513716583882,1.6130763073062029,116.42857142857143,0.054659251693015824,112.28571428571429,0.46009496966868973,37.0,171.7926267281106,106.3263888888889,178.57142857142858,265.57142857142856
186.75,189.125,1.440865698263888,2.6112847477428973,8,0.5864662714125914,1.6935483870967745,122.875,0.06301435630767524,129.0,0.45585877387821405,38.0,180.36290322580646,119.01128472222223,161.375,292.125
170.57142857142858,167.85714285714286,1.3827983863095237,2.2821954210542628,14,0.6485150771506196,1.5309707708617297,104.78571428571429,0.10739596715769785,110.42857142857143,0.4843613404114388,39.0,163.04838709677418,103.33759920634922,181.5,262.92857142857144
169.41666666666666,173.16666666666666,1.483155295879629,2.6190984220157536,12,0.5935249286030772,1.524256651017214,107.41666666666667,0.10092086537787476,121.58333333333333,0.4628324303919628,40.0,162.33333333333334,114.3287037037037,167.58333333333334,278.25
182.125,180.125,1.4477899715277778,2.533309389680433,8,0.6096956781550669,1.6522792669998485,117.5,0.06180082443114647,119.375,0.4539585885106265,41.0,175.9677419354839,111.69149305555557,169.0,278.375
172.0,171.85714285714286,1.3773844140476188,2.3262782467509893,7,0.6384932778722662,1.5553103567642415,108.28571428571429,0.1073924699230401,124.85714285714286,0.4815244710554842,42.0,165.64055299539172,109.34940476190476,166.57142857142858,279.2857142857143
167.8,171.6,1.2975697047222217,2.1559399496479204,5,0.6421760245516637,1.5018022111161593,102.0,0.11264770629224603,117.2,0.5050674531140936,43.0,159.94193548387096,106.83444444444447,180.0,271.4
177.57142857142858,176.28571428571428,1.4926469273809517,2.55571230840594,7,0.6181819988330891,1.604249150818892,108.57142857142857,0.09197127686782937,117.28571428571429,0.4581056137348435,44.0,170.85253456221199,108.04821428571428,173.28571428571428,268.42857142857144
185.625,191.625,1.3866846631944447,2.5191989982865537,8,0.5842392424473316,1.6920339239739512,126.75,0.0501239460419641,129.375,0.45857025293226816,45.0,180.2016129032258,119.83871527777777,159.5,291.75
168.33333333333334,164.0,1.4060130733333331,2.4139037672400137,6,0.6139831896447534,1.5112827502650312,105.83333333333333,0.1313293925702335,123.83333333333333,0.4741066901787723,46.0,160.95161290322582,112.65648148148148,170.83333333333334,279.6666666666667
156.42857142857142,172.85714285714286,1.372699670039683,2.132206317162624,7,0.6892807524342894,1.4097488154734863,95.71428571428571,0.09123444138390986,99.28571428571429,0.4974985653511892,47.0,150.13824884792626,94.35317460317461,193.14285714285714,245.28571428571428
177.5,180.0,1.2654950208333333,2.1142810903598335,6,0.6398029679415352,1.6109344237467818,112.66666666666667,0.07188392408643753,123.16666666666667,0.5003240931653207,48.0,171.56451612903228,109.91226851851853,169.5,281.3333333333333
183.125,173.875,1.3155598564236117,2.2899187109542245,8,0.6132523995494289,1.6628426472815387,124.375,0.08857910354158152,127.375,0.4743798879284178,49.0,177.09274193548387,114.31753472222222,161.125,287.5
187.16666666666666,170.5,1.5648670238425921,2.9227084041690397,6,0.5675960120610409,1.6889797566762583,131.66666666666666,0.08951914113242289,140.33333333333334,0.441426218968841,50.0,179.8763440860215,125.6111111111111,152.0,302.0
169.83333333333334,174.58333333333334,1.410365857986111,2.4075315915362707,12,0.6220536939883881,1.5282699782926954,107.25,0.088592462601135,120.83333333333333,0.4702715902557504,51.0,162.76075268817203,110.31539351851849,173.91666666666666,276.8333333333333
188.66666666666666,183.83333333333334,1.3024477932870369,2.3759990668484945,6,0.5852446977382497,1.715028522388813,134.66666666666666,0.06687632008096893,136.16666666666666,0.4643058932780193,52.0,182.6505376344086,122.02569444444445,156.5,299.8333333333333
159.8,180.4,1.3891701330555555,2.1407706426450748,5,0.6956953674681567,1.4276540966227471,98.2,0.05648847993113208,101.4,0.4950507959682575,53.0,152.0451612903226,94.83333333333334,188.0,248.6
153.2,165.8,1.450704627361111,2.300866928575596,5,0.6719145609314561,1.3670755717098289,79.6,0.11001242010040484,108.4,0.48756903466473867,54.0,145.59354838709677,98.6111111111111,185.8,258.0
156.875,184.125,1.5370434939236115,2.572838264182761,8,0.6267889243306008,1.4036422838103892,87.75,0.07500145768587821,112.5,0.46658329304303936,55.0,149.48790322580646,106.26944444444445,174.5,261.75
167.71428571428572,168.85714285714286,1.4985993745634922,2.6527357343222633,7,0.5926871998277622,1.5230306570606438,107.42857142857143,0.11701178142676147,124.28571428571429,0.4624023624036769,56.0,162.20276497695855,116.37658730158729,167.57142857142858,285.0
166.71428571428572,163.71428571428572,1.487938490277777,2.477177260767995,7,0.6389886877955674,1.4976742173470932,104.85714285714286,0.11751564267559057,111.57142857142857,0.4593807087397589,57.0,159.50230414746542,103.79999999999998,174.28571428571428,262.0
174.125,165.875,1.2769642354166664,2.16487567848428,8,0.632419735661208,1.5590262002120248,112.25,0.13359847973748654,122.625,0.5010984909192935,58.0,166.03629032258067,110.14687500000001,171.875,279.125
166.6,178.2,1.4765846227500004,2.5185271543668373,10,0.6204340869450613,1.5045585339996972,99.6,0.1002437129076021,116.5,0.466971349404054,59.0,160.23548387096778,109.28666666666668,178.2,270.2
170.75,188.875,1.4509714441145827,2.3950753948121917,8,0.6454537575745327,1.52442071785552,105.25,0.05245924944119669,110.75,0.46569370642394564,60.0,162.3508064516129,103.41631944444444,177.5,261.5
160.625,169.375,1.5254592560763887,2.5558609568008652,8,0.6292172629614192,1.4352567014993187,90.125,0.09868147781825101,114.0,0.46585833361004114,61.0,152.85483870967744,105.57065972222222,179.125,262.75
171.0,182.16666666666666,1.3848424312500007,2.3607459297722393,6,0.6223817698943755,1.5422282800747136,112.5,0.07053220072628193,123.33333333333333,0.478461542339591,62.0,164.247311827957,112.03796296296298,172.0,281.8333333333333
170.85714285714286,176.28571428571428,1.3100002003968256,2.1234828531532672,7,0.6601959558346989,1.5353627139179162,109.57142857142857,0.08764347489524274,119.71428571428571,0.49827534019765196,63.0,163.51612903225805,105.78333333333332,171.71428571428572,273.7142857142857
166.625,163.625,1.4483850383680563,2.4206849254787928,8,0.6354371377008451,1.4957595032560957,103.125,0.12066145480459035,115.5,0.4683372601604425,64.0,159.29838709677418,107.30364583333333,170.75,267.375
184.6,182.2,1.3579943900416662,2.4304999042290905,10,0.5985125883176423,1.6749962138421932,122.7,0.0740023769293526,124.5,0.4717441641718583,65.0,178.38709677419357,115.98083333333334,166.9,285.8
188.75,185.0,1.3479758489583336,2.4133930568421422,8,0.5914166702639821,1.7130470998031198,119.0,0.06949429067455126,120.5,0.4739370960280114,66.0,182.43951612903226,113.69930555555555,169.125,275.75
158.8,187.0,1.4207345216666667,2.2509296763546636,5,0.6707360367397172,1.4205058306830227,94.0,0.047272852257914534,105.6,0.4843193074913053,67.0,151.28387096774196,98.41416666666666,190.0,253.6
172.44444444444446,174.66666666666666,1.48323986095679,2.5442821746420825,9,0.6139915271813147,1.538391640163562,102.0,0.09995298771548357,114.0,0.4656914193211117,68.0,163.83870967741936,108.04984567901234,173.88888888888889,265.3333333333333
173.875,169.125,1.3006781317708334,2.1218855765515148,8,0.6557143457534855,1.5656141147963045,107.875,0.10630250812102424,109.125,0.49880028823986217,69.0,166.73790322580646,101.690625,181.0,260.5
165.14285714285714,175.71428571428572,1.3625843565476192,2.2572222746967787,7,0.6457634467669134,1.4841305899915622,103.85714285714286,0.09222333812225596,118.57142857142857,0.4914399343590901,70.0,158.05990783410138,107.00615079365079,174.42857142857142,273.42857142857144
175.125,187.375,1.5123629348784717,2.650125383486116,8,0.5993572899976709,1.5620172648796002,101.0,0.0689509223203758,117.75,0.4615346709216419,71.0,166.3548387096774,111.89288194444445,174.875,271.5
183.6,176.0,1.3215695225000004,2.2954901408723094,5,0.6133747743096077,1.6590640617900951,117.8,0.07531445694826285,114.4,0.47571334229835144,72.0,176.69032258064516,109.68111111111111,175.0,270.2
155.0,179.75,1.5083706760416662,2.498597168616982,8,0.6354306281710969,1.385355141602302,84.625,0.09002909511393611,116.0,0.47126195973162893,73.0,147.54032258064512,106.83177083333334,180.5,267.5
165.77777777777777,182.11111111111111,1.4928518012808645,2.4816933470318543,9,0.6393794405272832,1.49968869369142,104.44444444444444,0.06211812410512296,113.66666666666667,0.46200828491256085,74.0,159.71684587813624,105.88472222222221,176.33333333333334,268.6666666666667
168.25,188.875,1.3881257911458333,2.3230590103599233,8,0.6381093852841048,1.5263516583371195,109.0,0.05258534931292687,117.5,0.4779540031590196,75.0,162.55645161290323,107.14375,174.0,272.625
175.54545454545453,183.63636363636363,1.3683879926767677,2.2603992171706895,11,0.6487022954805952,1.5787038949237948,110.0909090909091,0.07015840587381333,107.36363636363636,0.48092631663012403,76.0,168.13196480938416,102.3732323232323,182.1818181818182,258.6363636363636
184.83333333333334,178.75,1.4609633001620372,2.576574024040811,12,0.6045686123174068,1.6767883285375336,116.16666666666667,0.07916142419862984,123.33333333333333,0.45364812622018236,77.0,178.57795698924727,113.36018518518522,163.58333333333334,278.3333333333333
167.69230769230768,176.6153846153846,1.4950257536965812,2.661391722299137,13,0.5907190563161965,1.5077761856498795,109.6923076923077,0.10017769519444762,129.53846153846155,0.4635590958874066,78.0,160.57816377171216,118.47863247863249,163.92307692307693,287.0
174.85714285714286,177.57142857142858,1.2769340045634916,2.0950959358431147,7,0.6521755311901112,1.571753099240605,107.85714285714286,0.09396689866423251,119.42857142857143,0.5051304141936143,79.0,167.39170506912438,106.58015873015874,170.0,274.42857142857144
167.6,172.0,1.389251439722222,2.4732637821721637,5,0.5958758678611908,1.50804179918219,105.4,0.1040537509254987,124.6,0.47355765921135495,80.0,160.60645161290321,116.55638888888889,169.8,283.8
174.125,167.375,1.347592677083333,2.2976898496431257,8,0.6281195368413335,1.5738300772376193,113.375,0.10711469127322225,123.625,0.4814094415829555,81.0,167.61290322580646,110.4701388888889,171.875,281.5
164.9090909090909,163.9090909090909,1.495450761237374,2.435841022655858,11,0.652019739768921,1.4701857282502446,92.45454545454545,0.10502030505525721,110.0909090909091,0.4693676625134321,82.0,156.57478005865104,102.02992424242424,178.45454545454547,257.45454545454544
188.28571428571428,189.71428571428572,1.4066002988690474,2.6160453193471858,7,0.5662443061630483,1.700525735055494,125.42857142857143,0.04978747017193476,128.28571428571428,0.4546261644533251,83.0,181.10599078341016,122.82539682539684,164.42857142857142,293.57142857142856
185.28571428571428,180.14285714285714,1.509650891468254,2.7826112151353115,7,0.5762442722303749,1.672226909846174,123.57142857142857,0.07954848663046973,131.57142857142858,0.4495937075652398,84.0,178.09216589861754,120.31726190476192,160.28571428571428,292.57142857142856
166.1818181818182,171.1818181818182,1.5142308513888891,2.5197216252062935,11,0.637739253662797,1.4906998196412102,97.45454545454545,0.09452950494500087,114.63636363636364,0.4643560700565334,85.0,158.75953079178888,105.69671717171717,170.45454545454547,265.54545454545456
178.77777777777777,178.55555555555554,1.2755945199074068,2.123813456819585,9,0.6436984881537762,1.6215524929745737,114.44444444444444,0.0731843727619098,112.11111111111111,0.4988245077470093,86.0,172.69534050179212,104.73348765432098,181.77777777777777,265.6666666666667
147.66666666666666,175.5,1.43256903712963,2.214194870175271,6,0.6849292840275445,1.3056691402897673,71.33333333333333,0.10508534900104559,106.16666666666667,0.49806478488965134,87.0,139.0537634408602,96.60902777777778,189.33333333333334,249.66666666666666
199.66666666666666,182.11111111111111,1.41970134007716,2.6920698876091356,9,0.5571107155061072,1.8093122654685583,140.22222222222223,0.06292620032439217,134.11111111111111,0.44579472487025307,88.0,192.69175627240142,125.93981481481481,153.22222222222223,299.8888888888889
186.5,178.08333333333334,1.3350523056712962,2.4087817418040576,12,0.5901438601628249,1.6953152607400677,123.5,0.07953716902376724,121.75,0.4703903408550489,89.0,180.5510752688172,115.41516203703704,171.25,280.5833333333333
157.4,169.0,1.3715848413888883,2.1117153689954944,5,0.6981554292989608,1.419778888384068,93.0,0.10102513230215662,103.8,0.502509758504721,90.0,151.20645161290324,95.39444444444445,184.6,251.8
186.75,169.75,1.3108400258680557,2.2876868804286796,8,0.612853183867006,1.6946842344388915,126.0,0.09076451262113812,121.375,0.47553887168665737,91.0,180.48387096774195,112.1126736111111,168.0,281.75
167.16666666666666,188.66666666666666,1.5267426888888889,2.5887053897505123,6,0.6250880342147545,1.493815942248473,97.66666666666667,0.05746950867331498,117.33333333333333,0.4625154142173075,92.0,159.09139784946237,107.91643518518516,178.5,271.6666666666667
160.55555555555554,176.0,1.3829517242283953,2.17995667660307,9,0.6794847632591603,1.4394467161391287,94.11111111111111,0.08176933195316552,107.66666666666667,0.4949106515691067,93.0,153.30107526881724,98.48225308641976,183.66666666666666,256.77777777777777
161.5,183.5,1.4843046763657408,2.4250557702215505,6,0.6519900115786718,1.45141097480943,101.0,0.060230392398941845,105.33333333333333,0.4663498503925778,94.0,154.57526881720432,100.64143518518519,187.33333333333334,254.0
177.4,189.6,1.4705104172222216,2.524994086903434,5,0.617287006111142,1.6020596698470393,113.2,0.06435295772424861,121.2,0.46057440380026665,95.0,170.61935483870968,110.98777777777778,169.6,274.6
188.0,176.66666666666666,1.2585147738425932,2.210372201273699,6,0.6053232666135806,1.7021051037407238,131.0,0.06967226093346124,125.83333333333333,0.4767087140129751,96.0,181.2741935483871,115.41967592592592,166.5,287.6666666666667
171.71428571428572,191.85714285714286,1.5148380521825404,2.5848537324332344,7,0.6204429546967488,1.5420263516583375,109.42857142857143,0.04974239431864274,117.14285714285714,0.4530413098134157,97.0,164.2258064516129,109.10595238095239,175.42857142857142,270.57142857142856
166.27272727272728,172.27272727272728,1.541696261868687,2.5741931100233857,11,0.6362960770760068,1.4951881376233942,101.27272727272727,0.09300363291763007,118.18181818181819,0.45578676463873696,98.0,159.23753665689148,106.75454545454545,169.63636363636363,270.27272727272725
159.41666666666666,183.25,1.522936827199074,2.4915752013104258,12,0.6434924372877954,1.4132465041142916,83.66666666666667,0.07286356876308511,109.16666666666667,0.46926051507356914,99.0,150.51075268817206,102.99710648148147,184.5,256.5833333333333
148.5,169.3,1.4201006425000005,2.2008496934744732,10,0.6876501660081334,1.3218234135998785,78.2,0.11032616282883512,104.2,0.49853461674134864,100.0,140.7741935483871,96.75125,190.1,252.8
175.71428571428572,180.28571428571428,1.419153032539682,2.5175943728119576,7,0.5967803678409469,1.5908353345881743,111.28571428571429,0.08524011402957954,122.57142857142857,0.46640037575238263,101.0,169.42396313364057,114.05416666666667,171.57142857142858,280.42857142857144
182.88888888888889,188.88888888888889,1.4495359672839498,2.6348713448796124,9,0.582699644222243,1.6485099365608225,121.22222222222223,0.06510349338634717,127.55555555555556,0.45829692848100695,102.0,175.56630824372758,118.02191358024692,163.66666666666666,286.1111111111111
161.9,174.6,1.542766727625,2.547590196632278,10,0.6363891750304974,1.4490988944419203,88.4,0.09117654797475591,109.4,0.4638462461639623,103.0,154.3290322580645,103.04694444444442,180.5,258.7
162.88888888888889,170.11111111111111,1.4372980336419756,2.3889370952855584,9,0.6340721557120377,1.4590001177915761,93.33333333333333,0.10957225005134366,113.0,0.47827711202922507,104.0,155.38351254480287,105.39212962962962,179.88888888888889,263.44444444444446
189.0,178.625,1.3268967347222222,2.32830234603721,8,0.6122806103249812,1.7043767984249585,128.125,0.06615731509505653,122.625,0.47140297087889893,105.0,181.51612903225805,112.43958333333333,165.625,281.625
159.57142857142858,178.42857142857142,1.4665682775595237,2.4210838853220307,14,0.6375620599114223,1.4253261504510937,88.71428571428571,0.08417081996742594,111.85714285714286,0.4776914912357774,106.0,151.79723502304145,104.10198412698414,181.92857142857142,260.7857142857143
179.22222222222223,177.11111111111111,1.4219362234567903,2.598184025499904,9,0.5811296222489997,1.6114224174196916,115.66666666666667,0.09850522056667264,129.11111111111111,0.4694214926707397,107.0,171.61648745519716,120.45694444444445,159.44444444444446,289.8888888888889
170.66666666666666,186.77777777777777,1.4861740318719139,2.52790683619055,9,0.6207321215963902,1.5350934760294146,100.22222222222223,0.08381406526459606,119.11111111111111,0.46919847999806247,108.0,163.4874551971326,110.77762345679011,171.33333333333334,272.44444444444446
160.5,169.875,1.3800082383680556,2.1891297872229,8,0.673323001024421,1.4399893987581405,94.125,0.09735704029329158,104.0,0.4923115832524778,109.0,153.35887096774195,97.95538194444445,192.875,253.0
171.2,182.2,1.5002251480555544,2.627668913685176,5,0.6049645980884296,1.539239739512343,105.0,0.08761062530124242,122.6,0.4640828479063363,110.0,163.92903225806452,113.30333333333333,170.0,276.8
184.28571428571428,173.28571428571428,1.2619876329365074,2.157005933755315,7,0.6251072356099472,1.6611929642370349,122.28571428571429,0.0873282914189769,114.85714285714286,0.4907486289537819,111.0,176.9170506912442,107.93849206349206,175.0,271.2857142857143
175.83333333333334,197.41666666666666,1.4976089637962964,2.7734818017684013,12,0.5682924959279997,1.5802160634055227,117.16666666666667,0.06673137080897461,133.33333333333334,0.45668647937467344,112.0,168.29301075268816,125.44675925925925,159.83333333333334,294.75
173.16666666666666,164.16666666666666,1.3802556500694443,2.3779435164135068,6,0.6141678219366719,1.5550002524105206,110.5,0.12314518194187148,118.0,0.48061160141203635,113.0,165.60752688172045,109.97199074074074,180.16666666666666,274.0
166.0,185.8181818181818,1.517643768106061,2.612523927739778,11,0.6127529558081722,1.4984648851073203,105.72727272727273,0.07050296695438803,120.9090909090909,0.4619810730213928,114.0,159.5865102639296,111.51893939393939,173.1818181818182,275.54545454545456
185.2,176.3,1.5328703543472222,2.751440699209085,10,0.5913687504161353,1.6783280327124035,123.5,0.08231399796327545,127.5,0.4459788791374268,115.0,178.74193548387098,117.25666666666666,164.0,287.5
176.6,176.0,1.4195010474999994,2.4497420862446644,5,0.619560847734377,1.5907920642132365,113.0,0.08456945823345663,115.8,0.47049149186093864,116.0,169.4193548387097,108.19500000000001,174.6,269.8
168.875,176.0,1.4565515036111107,2.427896277489009,8,0.6380936388812222,1.5138951991519007,104.75,0.08157322087254681,115.5,0.4680123576363366,117.0,161.2298387096774,106.36128472222224,174.125,269.75
170.8,175.6,1.5286390455555563,2.604989475632091,5,0.6233000645308312,1.5528699076177497,103.8,0.08826625283823361,117.2,0.45774792045908097,118.0,165.3806451612903,108.67777777777778,167.0,269.0
183.5,186.125,1.3900130465277778,2.4915303194387657,8,0.5943851791937537,1.6267984249583523,119.75,0.0830418201860838,122.875,0.4720317758458288,119.0,173.2540322580645,117.84913194444444,170.0,286.25
175.625,183.5,1.4536474526736116,2.6491600444831964,8,0.5808025938380329,1.5864379827351205,114.0,0.07906809209987475,129.25,0.4624759981088683,120.0,168.95564516129033,120.68072916666667,165.375,289.5
176.27272727272728,184.0,1.5058448270202014,2.7144747537717047,11,0.5843550725666088,1.590048600498396,114.36363636363636,0.06626828160754678,126.18181818181819,0.4577786241916569,121.0,169.34017595307915,116.32588383838385,163.27272727272728,280.90909090909093
173.0,183.2,1.5365907079722227,2.645594537340959,10,0.6127576634472305,1.5594426775708015,106.4,0.07522559647004293,119.0,0.4537746034196982,122.0,166.08064516129033,110.1273611111111,173.0,271.7
178.33333333333334,176.33333333333334,1.4110603074691364,2.4505545286730723,9,0.6111797481889082,1.5949652514850152,107.55555555555556,0.09134712756078407,118.88888888888889,0.4761994379127462,123.0,169.8637992831541,111.53225308641976,169.44444444444446,275.55555555555554
151.16666666666666,181.83333333333334,1.4845694414814814,2.3852190181062145,6,0.6584662235241899,1.349588570851633,76.0,0.08648940601784195,111.0,0.48796199902424736,124.0,143.7311827956989,101.60000000000001,182.83333333333334,256.0
167.125,174.25,1.5033827157986122,2.465797039324886,8,0.6481491431551375,1.5043540814781162,99.375,0.08536506258250734,108.75,0.46359004089453726,125.0,160.21370967741936,101.89895833333333,177.375,256.375
150.5,170.125,1.4247320927083333,2.207245331982057,8,0.6907751761379598,1.3481750719369983,79.0,0.10869148224073075,108.125,0.5013462200335227,126.0,143.5806451612903,97.43281250000001,184.125,256.25
160.88888888888889,173.0,1.438210141666667,2.3316355738687666,9,0.6561294835772409,1.4563413936426204,92.66666666666667,0.09764315578285031,105.88888888888889,0.4777105709239058,127.0,155.10035842293908,100.7591049382716,190.11111111111111,256.1111111111111
178.83333333333334,180.58333333333334,1.3342257421296297,2.2540245164021164,12,0.6323540144868575,1.6194911403907313,117.91666666666667,0.07066615406468721,120.83333333333333,0.4771255535556147,128.0,172.4758064516129,109.51203703703705,169.33333333333334,279.0833333333333
174.4,170.4,1.3000918761111122,2.137788851108961,5,0.6499616786761296,1.5589883386339545,113.4,0.0943677592154619,113.4,0.4940843732577278,129.0,166.03225806451613,104.60444444444445,175.0,268.6
192.75,192.5,1.5334357526041666,2.8350857429496266,8,0.5715965854629256,1.7398909586551567,130.375,0.05501033987202453,133.125,0.43784782025302293,130.0,185.29838709677418,121.90729166666667,158.0,291.125
169.625,177.625,1.3238537038194438,2.1270564295209593,8,0.6680729572015763,1.5233227320914737,105.625,0.0722583010409066,105.625,0.4991188228884351,131.0,162.23387096774195,99.3421875,185.125,256.0
186.875,191.375,1.4296024534722227,2.611299347005605,8,0.5787962612975613,1.68995153718007,118.125,0.05027602376877356,126.25,0.4599465697974777,132.0,179.97983870967744,118.75243055555555,171.5,285.5
166.55555555555554,179.11111111111111,1.5187431637499997,2.581137109119823,9,0.6255102505564403,1.498510777929224,103.11111111111111,0.08259728351385792,121.33333333333333,0.4602298569154941,133.0,159.59139784946234,110.99907407407407,170.55555555555554,276.6666666666667
192.0,189.16666666666666,1.3647176689814806,2.410871512580955,6,0.6046976526134314,1.7302741178252308,128.33333333333334,0.05713830469599048,120.83333333333333,0.4592285960047567,134.0,184.2741935483871,113.15949074074074,171.66666666666666,279.6666666666667
167.5,172.5,1.402751477083334,2.3149451720517797,8,0.6484106042122111,1.5088596092685145,107.75,0.08030211484563882,119.875,0.47799616126525446,135.0,160.69354838709677,106.57534722222222,171.125,272.75
196.375,176.875,1.454071886284722,2.680361716878334,8,0.573273411166296,1.780024231409965,130.625,0.07483043427127813,129.125,0.4424514899009887,136.0,189.57258064516128,120.56440972222222,153.375,290.0
181.0,177.44444444444446,1.4045667640432102,2.4238252820556196,9,0.6172143414035955,1.634778804247228,118.11111111111111,0.07735167824552794,116.55555555555556,0.46216486612081364,137.0,174.10394265232975,109.9567901234568,172.11111111111111,274.8888888888889
193.72727272727272,188.63636363636363,1.522698862121212,2.8188143297233457,11,0.5766953423446286,1.7496730136439356,132.0909090909091,0.05911533196381054,130.8181818181818,0.4413879498107949,138.0,186.34017595307915,121.00707070707068,156.0,293.1818181818182
178.3,177.2,1.4922938172222218,2.6327092797966145,10,0.5989862027615988,1.6091473572618509,113.7,0.07458803958523938,117.9,0.45564488849274876,139.0,171.3741935483871,112.21805555555557,170.3,274.0
166.28571428571428,181.85714285714286,1.3238309996031747,2.1159973316672853,7,0.6696986613510486,1.5069340775837823,103.14285714285714,0.06779060758916489,107.71428571428571,0.5007141144327356,140.0,160.48847926267283,100.04563492063492,182.57142857142858,258.14285714285717
180.0909090909091,177.9090909090909,1.486482563888889,2.5892053785919042,11,0.6081021889416706,1.628956534908375,116.81818181818181,0.07575567582509081,120.18181818181819,0.45225989289723717,141.0,173.48387096774192,112.00820707070707,167.54545454545453,278.1818181818182
162.41666666666666,167.83333333333334,1.3963685237037036,2.249002489487376,12,0.6569385150451237,1.4491140390731483,89.08333333333333,0.11082304600073363,109.83333333333333,0.4924255593027065,142.0,154.33064516129028,101.5866898148148,181.25,257.9166666666667
166.22222222222223,189.77777777777777,1.506940110493827,2.6248800388511224,9,0.6023359927878346,1.4872027866121458,98.33333333333333,0.06564086812455916,118.66666666666667,0.46399465017601493,143.0,158.38709677419354,112.13472222222224,173.44444444444446,273.77777777777777
181.25,184.75,1.3669414625000005,2.323514150127312,8,0.6309878647568725,1.637551113130395,121.0,0.056648833223843925,115.5,0.46925324580926253,144.0,174.3991935483871,107.31909722222221,169.5,270.625
158.75,169.58333333333334,1.550436813310186,2.6261566932330864,12,0.6214192177986556,1.418496642940078,89.75,0.10396651825823511,117.58333333333333,0.4599935968228508,145.0,151.06989247311827,109.66828703703703,170.33333333333334,270.8333333333333
184.42857142857142,179.28571428571428,1.3551114849206354,2.3341620046769123,7,0.6183028069941081,1.6720970987213606,125.57142857142857,0.05996613585405962,116.14285714285714,0.46485026222251374,146.0,178.07834101382485,109.34265873015875,172.28571428571428,272.2857142857143
174.8,191.3,1.4530892027777782,2.64718956781211,10,0.5748018510045487,1.5709223080417993,113.7,0.08511772621649125,133.6,0.4555010646304135,147.0,167.3032258064516,122.68319444444447,156.3,294.6
168.27272727272728,183.63636363636363,1.4512817262247475,2.6439951292932773,11,0.5753036550746912,1.526248399487836,107.81818181818181,0.09670332128731127,127.36363636363636,0.46796289374880384,148.0,162.54545454545453,121.75694444444444,163.72727272727272,289.8181818181818
163.0,175.85714285714286,1.4377656468253963,2.3009793400268825,7,0.6658690447307933,1.471971614634041,101.42857142857143,0.08251911058165141,106.42857142857143,0.47534981461790415,149.0,156.76497695852532,99.64583333333333,183.0,256.2857142857143
157.375,190.0,1.5385465152777775,2.614648723611919,8,0.6190251717388792,1.4164016356201727,84.5,0.08344518283126513,117.25,0.4656434863187906,150.0,150.84677419354838,108.64652777777778,173.0,265.0
156.57142857142858,167.57142857142858,1.3399211069444443,2.0892638818697415,7,0.6882780135023879,1.4197010017091798,96.0,0.11516471356986138,103.85714285714286,0.5075182302955474,151.0,151.19815668202767,96.1077380952381,187.42857142857142,251.14285714285714
153.8,161.0,1.393876835,2.162154098172606,5,0.6925255429682278,1.3936695441466,101.4,0.11899039564914804,99.8,0.4919119230168187,152.0,148.4258064516129,94.59777777777778,191.0,248.0
150.9,175.0,1.4628030411111113,2.298695580989624,10,0.6790686311385243,1.345842798727851,83.4,0.0890272460217463,105.6,0.48402987102670314,153.0,143.33225806451614,97.76486111111112,189.9,256.2
187.66666666666666,181.33333333333334,1.4630632131172847,2.6739748135718244,9,0.5812817475019078,1.686674407255961,117.55555555555556,0.08113396607683158,123.66666666666667,0.45815699442135915,154.0,179.63082437275986,117.14753086419753,164.77777777777777,285.55555555555554
161.22222222222223,175.11111111111111,1.5598854242592597,2.6468720289202783,9,0.6199691532026064,1.4287108553351173,95.22222222222223,0.09516579028187011,115.66666666666667,0.46027365038902196,155.0,152.15770609318994,107.93456790123456,175.55555555555554,266.55555555555554
177.0,177.0,1.4402382392361115,2.5189567248914115,8,0.6086964879986912,1.5977207330001515,111.125,0.08599334826378258,123.25,0.46429561714180617,156.0,170.15725806451613,113.31684027777777,166.5,280.875
168.75,180.5,1.4357996227256948,2.440315251872099,8,0.6224455030021083,1.5215432379221565,105.5,0.07394003429427776,112.125,0.47184754299379283,157.0,162.04435483870967,106.87725694444447,181.375,266.125
172.9,178.2,1.3167053540277778,2.1936802043854002,10,0.6414654766062254,1.5596244131455401,109.8,0.08094809242792819,109.4,0.4935803330715456,158.0,166.1,103.97166666666665,187.8,262.1
168.85714285714286,167.28571428571428,1.4181844192460313,2.381726736529614,7,0.6293667240221935,1.5283961835529303,112.57142857142857,0.10864249117516254,117.14285714285714,0.4692935843861175,159.0,162.7741935483871,109.51448412698413,172.71428571428572,274.57142857142856
165.2,178.0,1.2869913399999997,2.075393577553285,5,0.6611484569172725,1.487263365137059,99.8,0.08373749709388505,112.6,0.5089316600942378,160.0,158.39354838709676,102.0786111111111,184.2,263.8
165.75,165.0,1.398255862847222,2.3053993180082393,8,0.6467384423385276,1.4889444192033925,102.5,0.12165064634156775,111.5,0.484604830629205,161.0,158.57258064516128,103.696875,184.875,261.75
155.0,166.85714285714286,1.3756168003968254,2.101321587903043,7,0.7058742534091412,1.3801951493909694,92.14285714285714,0.11369973808956224,103.14285714285714,0.5063556638117334,162.0,146.99078341013825,93.92023809523809,184.42857142857142,249.0
190.66666666666666,186.33333333333334,1.4047090668209876,2.599241586352634,9,0.5748346095158722,1.7309303851784543,129.88888888888889,0.0599376218299443,128.0,0.4547806854554749,163.0,184.34408602150535,120.11003086419753,164.22222222222223,289.1111111111111
171.57142857142858,168.28571428571428,1.434041941071429,2.451347016416723,7,0.6195980503450059,1.5426321369074663,109.42857142857143,0.09971306255443943,111.28571428571429,0.4690254931846205,164.0,164.29032258064515,106.83452380952382,178.0,263.57142857142856
158.55555555555554,174.0,1.4448809212962965,2.3033105793045534,9,0.666999525311286,1.4035707674962559,89.44444444444444,0.09334679198221936,101.88888888888889,0.48410472267554383,165.0,149.48028673835128,97.03333333333335,189.0,248.66666666666666
179.75,174.0,1.3563656345486104,2.4005819151392918,8,0.6023583446681442,1.626381947599576,121.375,0.0942797997805306,129.75,0.47298744699327194,166.0,173.20967741935485,117.79201388888887,160.5,289.375
159.0,172.41666666666666,1.5313443643518523,2.5835755783744925,12,0.6270033686622543,1.4220556312787116,89.83333333333333,0.10851361012030952,120.25,0.4642573642348698,167.0,151.44892473118279,110.03807870370372,168.5,273.6666666666667
172.0,186.6,1.518464808666667,2.591123057853655,5,0.621282442415762,1.542147508708163,107.4,0.06479816161868043,118.4,0.4634141484493659,168.0,164.23870967741934,107.9261111111111,173.8,269.4
191.9,193.7,1.404673073611111,2.5636659839471463,10,0.5827049026509646,1.7372406481902165,127.2,0.050342989162264574,127.6,0.45386227644479443,169.0,185.01612903225805,118.79555555555555,159.3,288.0
170.55555555555554,168.88888888888889,1.529298721095679,2.7632656355538834,9,0.5794123474882822,1.544045635822101,112.0,0.10789565846243539,131.33333333333334,0.45323148391931145,170.0,164.44086021505376,120.67222222222222,156.44444444444446,289.55555555555554
147.77777777777777,168.66666666666666,1.4658069079012346,2.35336669833547,9,0.6555687995207041,1.3237080788193918,86.55555555555556,0.09900112705948862,104.44444444444444,0.4829053458217346,171.0,140.97491039426524,99.20833333333333,191.11111111111111,249.88888888888889
176.66666666666666,166.16666666666666,1.4173190122685189,2.4512198055378094,6,0.6149090860392152,1.5822101065172396,116.0,0.10326981425355426,123.83333333333333,0.46396032532956344,172.0,168.50537634408605,111.88078703703702,162.83333333333334,279.6666666666667
195.375,180.875,1.310242764930555,2.393939879179217,8,0.5926959098496166,1.7739285173406025,135.375,0.05958096982570964,128.0,0.46054330858563386,173.0,188.9233870967742,116.8498263888889,158.5,288.875
171.125,186.0,1.3579058407986115,2.25765802845546,8,0.6402142024923808,1.5376722701802212,104.5,0.06466052920863422,109.375,0.4880921185467589,174.0,163.76209677419354,103.1189236111111,181.75,261.125
153.3,175.5,1.5183762316666667,2.46378190616213,10,0.6475884982733213,1.3765258215962444,85.1,0.08720706901725353,108.0,0.4723225238127564,175.0,146.6,100.72944444444445,185.7,254.4
179.25,176.75,1.3726393885416661,2.3454843229631916,8,0.6231844898499199,1.6093063758897472,108.125,0.09411178930067048,118.25,0.4767671520060007,176.0,171.39112903225805,108.62274305555556,172.5,272.875
178.77777777777777,177.66666666666666,1.4494773419753089,2.4940092273462167,9,0.6201060921756179,1.6181533646322377,110.88888888888889,0.06647011402220264,118.66666666666667,0.46142888155408873,177.0,172.33333333333334,110.30185185185185,173.33333333333334,274.6666666666667
159.54545454545453,173.0,1.575614774886364,2.649549103358846,11,0.6294197383225412,1.429377831013451,92.9090909090909,0.09716402129446756,115.54545454545455,0.4583283793681358,178.0,152.22873900293254,108.45795454545456,175.27272727272728,269.0
150.63636363636363,166.72727272727272,1.4776378658459597,2.400510277550202,11,0.6533837612542582,1.3474591439153,82.27272727272727,0.12407767637992756,106.72727272727273,0.48361579261114634,179.0,143.50439882697947,101.69962121212122,189.0909090909091,256.45454545454544
168.85714285714286,185.0,1.5287438924603178,2.6108056298274502,7,0.6162696020527981,1.5219488976871982,100.71428571428571,0.059969296835624145,116.71428571428571,0.45755554941309956,180.0,162.08755760368663,109.42996031746031,174.28571428571428,268.57142857142856
170.3846153846154,175.0,1.4812796429487183,2.5516954556665357,13,0.6161078304642786,1.5224548282249328,104.92307692307692,0.08935612392510531,116.38461538461539,0.4650753717355517,181.0,162.14143920595532,110.09487179487178,174.0,272.84615384615387
166.33333333333334,174.16666666666666,1.392829206712963,2.2378633298938935,6,0.6659039086739194,1.4889696602554394,100.5,0.08450647348845058,104.83333333333333,0.4853610841677339,182.0,158.5752688172043,98.90347222222222,185.83333333333334,254.66666666666666
188.75,191.125,1.5448650550347223,2.8735756279162263,8,0.572641671474479,1.701802211116159,129.75,0.060320468494452384,137.5,0.44053628060654676,183.0,181.24193548387098,122.29826388888887,151.0,295.375
173.0,181.42857142857142,1.4380647259920631,2.4783658216382056,7,0.6120375214534904,1.5661279504986911,108.57142857142857,0.07607077564230962,116.57142857142857,0.46457725671073485,184.0,166.7926267281106,109.3218253968254,174.71428571428572,269.57142857142856
165.33333333333334,177.58333333333334,1.4257058576388888,2.395612092316331,12,0.6319898902488347,1.4833661467009946,103.25,0.07827365200918092,114.16666666666667,0.4725480976687464,185.0,157.9784946236559,106.54965277777775,179.41666666666666,266.8333333333333
173.25,158.0,1.3253225006944442,2.283044432735722,8,0.6240723841677744,1.5726185067393608,111.5,0.15295253195378133,119.75,0.4902280868092258,186.0,167.48387096774198,109.81979166666666,169.75,277.125
176.83333333333334,171.5,1.2743187627314814,2.117764693506146,6,0.6457982479916299,1.588419405320814,115.33333333333333,0.09929138536134725,114.5,0.500416850913533,187.0,169.16666666666666,104.61203703703704,176.33333333333334,268.3333333333333
176.16666666666666,181.5,1.4188817622685193,2.4490778272593197,6,0.6171576343879831,1.5990206471805746,114.33333333333333,0.06818256290540792,121.33333333333333,0.4653806452615868,188.0,170.29569892473117,110.26342592592592,167.16666666666666,274.6666666666667
178.9,172.5,1.4169403165138885,2.507288584347605,10,0.5982401537817943,1.6119036801453883,119.2,0.09384233997934015,124.3,0.46172866084442565,189.0,171.6677419354839,116.04541666666667,166.1,285.1
163.2,160.2,1.3749000755555538,2.2320016580364213,5,0.659670513656024,1.4743601393306072,105.4,0.12412946349327765,101.8,0.4863214873827454,190.0,157.01935483870966,99.37555555555556,190.0,253.2
159.83333333333334,161.33333333333334,1.4277864469907406,2.2905448727555657,6,0.6664259733080251,1.4282396890302387,92.5,0.13155955135263916,104.66666666666667,0.48499031191327946,191.0,152.10752688172045,98.98842592592592,187.83333333333334,255.33333333333334
180.66666666666666,190.66666666666666,1.451646242361111,2.540182828397056,9,0.6065320388855339,1.6287209517559358,115.44444444444444,0.047459917519216695,125.77777777777777,0.45653503531548634,192.0,173.4587813620072,113.75709876543212,166.44444444444446,281.6666666666667
162.85714285714286,165.0,1.5115569359325394,2.566105316413912,7,0.6212048034908921,1.4634040803963566,104.85714285714286,0.11442158355509238,121.28571428571429,0.45895006489427687,193.0,155.85253456221199,110.60694444444444,177.0,275.85714285714283
171.2,165.2,1.326103653377778,2.1831840202309887,10,0.6481695142802276,1.5377252763895202,106.3,0.116468768751899,118.7,0.5048370338190606,194.0,163.76774193548388,106.29569444444444,175.1,272.2
172.55555555555554,169.33333333333334,1.367855053240741,2.384459256259669,9,0.6098777609021516,1.5599643259797735,116.66666666666667,0.10278571464910108,126.66666666666667,0.4717930458457185,195.0,166.13620071684588,115.10663580246916,162.55555555555554,288.22222222222223
172.44444444444446,173.44444444444446,1.4112174476851846,2.299943979772703,9,0.6579484812113787,1.554243020849109,112.11111111111111,0.07536446716824,112.0,0.47311209117546643,196.0,165.5268817204301,101.88734567901236,175.0,260.8888888888889
182.0,172.14285714285714,1.268752480357143,2.1504931241634586,7,0.6320392038278996,1.6553081932454945,121.42857142857143,0.09176995582609812,126.14285714285714,0.49184905878073193,197.0,176.29032258064515,111.98968253968255,162.0,285.2857142857143
168.1818181818182,176.72727272727272,1.506697135656566,2.590166101152174,11,0.6120323316974299,1.5008604904106948,100.18181818181819,0.0979551458594854,117.0,0.46218673416228556,198.0,159.84164222873898,110.26275252525251,170.63636363636363,272.0
179.71428571428572,184.28571428571428,1.5316210259920635,2.7660110657047015,7,0.5883360327254211,1.6239371714155904,118.57142857142857,0.0585907647424661,127.71428571428571,0.44725245988049284,199.0,172.94930875576034,119.09206349206349,162.85714285714286,287.42857142857144
