avg_dsr_spd,max_pop,ATR,MDB,avg_duration,rep_num,max_pop2,cong_ratio,id,max_time,MRD,cong_time,MET,avg_spd_ratio,avg_a_spd,MFR
1.3972844651234562,96.44444444444444,1.99668415085714,0.8490416813906135,87.18364197530865,9,90.42293906810036,0.1764105316091593,0.0,187.22222222222223,114.0,0.0,259.3333333333333,0.5361282349389876,0.724099914675171,171.88888888888889
1.4866447810763885,171.25,2.5809336902369138,1.544260184764501,112.11996527777777,8,164.46370967741933,0.09583803556767727,1.0,187.125,129.875,122.0,293.875,0.44922260139513204,0.6192057818965451,160.25
1.3788024560714283,163.28571428571428,2.434403327233876,1.4774236818762037,114.44464285714287,7,157.3456221198157,0.09536775903806409,2.0,204.14285714285714,142.42857142857142,119.0,310.42857142857144,0.47169364259090024,0.6036182873543536,148.14285714285714
1.3696349326388888,90.1,1.9436614995263342,0.7704679691049522,85.71138888888888,10,82.05483870967743,0.2022355826076722,3.0,185.0,113.4,0.0,255.4,0.5468862254148987,0.7262095249413674,174.6
1.3942504006313128,189.0,2.6483027231402256,1.7174011812812358,126.35391414141412,11,182.90322580645162,0.10253741916057005,4.0,188.9090909090909,147.72727272727272,138.8181818181818,319.6363636363636,0.4492957860139013,0.5620812857471454,143.54545454545453
1.4197696200757572,210.45454545454547,2.7027288701666303,1.903239574298184,127.22222222222223,11,202.69501466275662,0.05346585266363244,5.0,182.36363636363637,138.9090909090909,143.8181818181818,303.72727272727275,0.43648232061484044,0.5616869454887777,152.27272727272728
1.5543528833928577,213.0,2.8630583805606156,1.9339694078449192,121.23511904761904,7,205.9677419354839,0.06387325725639588,6.0,163.71428571428572,127.42857142857143,130.42857142857142,287.57142857142856,0.4273388186063952,0.5902204634412672,171.57142857142858
1.379296107828283,187.45454545454547,2.6239399532763255,1.7035782633238339,126.77436868686868,11,181.4310850439883,0.09667840016512631,7.0,209.36363636363637,155.63636363636363,144.27272727272728,332.09090909090907,0.4490093077701216,0.5613217324345636,133.9090909090909
1.3473955350617288,158.11111111111111,2.303998847207817,1.4299224258333756,110.12037037037038,9,152.28673835125448,0.10147732962559677,8.0,209.77777777777777,135.44444444444446,102.77777777777777,299.8888888888889,0.48964122622888695,0.6184932222047654,146.66666666666666
1.3836176013888892,143.4,2.198423733138528,1.266030592155081,97.34930555555556,10,134.83225806451617,0.07751641750088124,9.0,169.5,94.7,59.5,232.6,0.5101534158292818,0.6575746622861017,203.1
1.3829418236111108,171.75,2.3881529173145277,1.55607299712252,109.590625,8,165.7217741935484,0.06771196082140823,10.0,166.75,107.875,106.375,259.875,0.4795438693659425,0.6138910941676492,191.375
1.4140118152579362,236.85714285714286,2.7819716132386536,2.1616148503926786,133.01666666666668,7,230.21198156682027,0.03760146132252148,11.0,159.28571428571428,131.14285714285714,143.28571428571428,291.2857142857143,0.4280633471075257,0.5440682973015064,170.0
1.3817787519841267,111.57142857142857,2.0550538448865496,0.982583674087536,90.68353174603176,7,104.64516129032259,0.16404632061576643,12.0,173.42857142857142,106.28571428571429,0.0,248.71428571428572,0.5264036340642237,0.6966829986622683,181.85714285714286
1.4587044419444442,139.66666666666666,2.333145067104741,1.243071331213085,100.13648148148148,15,132.38709677419357,0.11631886527048217,13.0,199.0,126.93333333333334,71.26666666666667,283.8,0.477965241828873,0.6649136840989438,159.06666666666666
1.4080778255902777,130.5,2.137096083707437,1.1619718309859155,91.90381944444442,8,123.74999999999999,0.0817512262723627,14.0,167.125,92.0,34.625,220.25,0.5171688041721221,0.6834490527274307,216.0
1.4709026997222223,178.0,2.525525370243671,1.6067847947902472,110.06777777777779,5,171.12258064516126,0.10458332690318947,15.0,165.4,118.8,114.8,275.0,0.45486278832912774,0.6240674372096036,174.4
1.446666417577161,174.77777777777777,2.4091421524078633,1.5633297995860467,104.94182098765434,9,166.49462365591395,0.06018813967015271,16.0,167.77777777777777,103.11111111111111,97.88888888888889,252.0,0.4742940218247814,0.6356259202490779,192.33333333333334
1.3275199017361115,96.125,1.9466046780270376,0.8398076631834015,89.44548611111111,8,89.43951612903224,0.1898623727197739,17.0,187.625,115.375,0.0,261.5,0.5494694692141013,0.7045978052476478,168.0
1.4135718062878788,198.1818181818182,2.6451111238505947,1.7982184406536972,123.37146464646466,11,191.51026392961876,0.08390018953664936,18.0,174.72727272727272,134.27272727272728,133.54545454545453,300.8181818181818,0.44705313522728857,0.5744297602250256,155.1818181818182
1.4673215317901234,221.88888888888889,2.7044781710399355,2.012620526023525,121.0597222222222,9,214.34408602150538,0.03435680362299972,19.0,159.11111111111111,114.66666666666667,127.44444444444444,268.55555555555554,0.43329477768909014,0.5791542447737756,182.88888888888889
1.4109393353009256,104.58333333333333,2.0169740153863445,0.9115805946791862,85.67141203703704,12,97.08333333333331,0.11817362343394756,20.0,175.83333333333334,95.0,0.0,224.25,0.5338669214347201,0.7209968770541305,208.33333333333334
1.415709361098485,195.63636363636363,2.7142172782129275,1.7736566023708233,127.94520202020202,11,188.89442815249265,0.06254019151876535,21.0,196.27272727272728,148.36363636363637,144.8181818181818,320.0,0.44181643392248476,0.5570992503953677,143.72727272727272
1.3497691066071429,204.28571428571428,2.433703150371852,1.8437939464745463,117.29166666666667,7,196.3640552995392,0.0534320029105938,22.0,155.42857142857142,106.42857142857143,115.0,255.85714285714286,0.4654200856831397,0.5816144956007445,191.71428571428572
1.436731974911616,106.9090909090909,2.0886637849540084,0.9270166453265045,88.93017676767677,11,98.72727272727273,0.15670208467108804,23.0,193.63636363636363,116.36363636363636,0.0,263.6363636363636,0.5176357700126442,0.7183885077457778,170.0
1.4390693496527778,181.75,2.6870850617510276,1.6445176434953808,123.59027777777779,8,175.14112903225805,0.07334206845187403,24.0,210.625,154.25,141.625,326.0,0.4340355547421299,0.5684019487422518,133.25
1.4472764876984126,175.57142857142858,2.3796716691620543,1.5891477899656,102.58829365079364,7,169.2442396313364,0.05155420988405157,25.0,163.57142857142858,93.85714285714286,89.85714285714286,231.57142857142858,0.47078262644013774,0.6389298000352285,209.28571428571428
1.352229378472222,163.5,2.2673155277618258,1.4752763895199152,105.35538194444445,8,157.11693548387098,0.08218677619452014,26.0,168.125,103.125,87.25,249.125,0.4970916703446726,0.6274302203613472,189.75
1.4118419086805558,188.875,2.705849942884173,1.711532636680297,127.11006944444443,8,182.27822580645162,0.12337628173823004,27.0,196.125,156.0,145.125,332.375,0.4430855262389975,0.5598285987134974,129.5
1.414293679166666,110.2,2.0631165684834656,0.9778585491443283,89.11694444444444,5,104.14193548387095,0.15563551855457142,28.0,175.4,110.4,0.0,249.2,0.5214904538053922,0.7139081955132351,178.4
1.4417228720486108,143.875,2.2967123112348107,1.2778282598818718,99.76927083333334,8,136.08870967741936,0.13469771320488202,29.0,180.125,114.625,74.5,271.75,0.4865751053706967,0.6626926302189998,172.75
1.3734837649305558,125.5,2.1002027576355995,1.106277449644101,92.25069444444443,8,117.81854838709677,0.07814515756367399,30.0,169.125,89.625,20.125,221.0,0.5218436037173547,0.6781898968115421,218.875
1.3648810021329367,125.78571428571429,2.1046605740140043,1.1048873888492243,95.20396825396827,14,117.6705069124424,0.15150337858049237,31.0,178.71428571428572,111.21428571428571,22.214285714285715,258.0,0.5192040280257466,0.677651509151456,176.92857142857142
1.354648703819445,119.6,2.0639894213797865,1.058640012115705,93.72194444444445,10,112.74516129032259,0.12939052722498937,32.0,187.8,109.8,12.0,256.3,0.5284251528182519,0.6811519621390648,177.7
1.4459451708333337,236.63636363636363,2.9631594867816444,2.160257734087811,142.30429292929293,11,230.06744868035193,0.04738162689192385,33.0,177.8181818181818,150.72727272727272,160.36363636363637,320.27272727272725,0.41744959991534714,0.5232302826201655,145.1818181818182
1.443608920164141,172.8181818181818,2.4115062517458057,1.5423567799760436,104.40050505050505,11,164.26099706744867,0.0709053150616865,34.0,163.72727272727272,103.36363636363636,94.63636363636364,248.9090909090909,0.4744040023248841,0.638036032177514,194.9090909090909
1.3985400548611109,158.0,2.321288846028016,1.406885758998435,105.39328703703704,6,149.83333333333334,0.10234603072108528,35.0,189.5,119.33333333333333,98.16666666666667,277.3333333333333,0.48257047773382894,0.6362420239180137,165.5
1.4604458784722218,184.1,2.6815397876743843,1.668211419051946,121.33222222222223,10,177.66451612903228,0.0854094855050693,36.0,207.0,156.6,140.7,325.0,0.43906738765231446,0.5856514602917159,130.0
1.4041439833333331,149.66666666666666,2.3392268412322212,1.3339391185824625,106.39305555555556,9,142.06451612903228,0.11473027298590958,37.0,200.11111111111111,131.22222222222223,93.66666666666667,297.77777777777777,0.4820757353607373,0.6399272381250264,155.66666666666666
1.3478790879563487,173.14285714285714,2.4251399708265233,1.5587287163843275,118.7047619047619,7,166.00460829493088,0.10753289234490504,38.0,200.42857142857142,146.85714285714286,123.85714285714286,317.7142857142857,0.4665237633230916,0.5910808032410941,137.85714285714286
1.3937596345486112,177.58333333333334,2.4916448544475256,1.5985158261396337,116.09270833333335,12,170.241935483871,0.07289593753831118,39.0,199.33333333333334,134.08333333333334,122.75,297.25,0.4630617309336735,0.5949316829864271,151.75
1.410635752469136,168.22222222222223,2.345070195307982,1.5147996701835866,104.18595679012346,9,161.32616487455195,0.06448057670629218,40.0,168.55555555555554,103.77777777777777,93.11111111111111,250.44444444444446,0.48644533434551884,0.6370969872970639,193.55555555555554
1.4857628490873016,217.28571428571428,2.7985081578657076,1.9742973972869475,125.33710317460317,7,210.26267281105993,0.06279331362567962,41.0,161.71428571428572,132.14285714285714,136.28571428571428,292.2857142857143,0.42994452154725366,0.5732180255278198,162.71428571428572
1.400866452083334,204.2,2.5956641818386883,1.8547932757837344,121.41999999999999,10,197.53548387096774,0.0638639002322132,42.0,167.7,123.3,124.8,281.2,0.4549606604227023,0.5776794162936891,175.6
1.333830547916667,130.8,2.1516689620860867,1.1686809026200211,101.83569444444444,10,124.46451612903225,0.1556065786005944,43.0,193.5,125.1,46.9,286.1,0.5119512650206712,0.6508600557730261,160.9
1.4611190806746033,143.85714285714286,2.2637531666343556,1.2816252352826638,94.07063492063492,7,136.4930875576037,0.07074094620854492,44.0,164.85714285714286,91.85714285714286,66.57142857142857,226.71428571428572,0.49413527003716,0.6779961108357969,215.14285714285714
1.370920983796296,123.5,2.1385493723780433,1.0945529809682468,96.46273148148147,6,116.56989247311827,0.1691498634347998,45.0,185.33333333333334,122.0,15.666666666666666,275.3333333333333,0.5143896850491939,0.6735071533539125,160.33333333333334
1.4710059734104939,195.22222222222223,2.578454225946619,1.7673448095983308,112.22515432098766,9,188.2222222222222,0.07374416036864834,46.0,163.22222222222223,112.88888888888889,113.0,265.22222222222223,0.4533926837196445,0.6126953419031894,182.11111111111111
1.3495374305555552,170.0,2.4478927562109574,1.5400359144111986,118.75853174603175,7,164.01382488479265,0.09226515987797101,47.0,206.71428571428572,146.71428571428572,125.14285714285714,318.42857142857144,0.4659026834300847,0.5873741413488748,144.42857142857142
1.3960744641666665,230.4,2.696585885939651,2.10607299712252,130.81444444444443,5,224.2967741935484,0.047566752119476474,48.0,150.6,129.0,140.2,285.2,0.43078563258397623,0.5500907593757807,167.8
1.3722432620833334,105.2,1.9909912907373797,0.927305770104498,87.22430555555555,10,98.75806451612902,0.1420752161574636,49.0,167.6,96.5,0.0,226.9,0.5407009175210387,0.708539989765438,200.3
1.4167094960648148,152.66666666666666,2.171743031299502,1.3466606088141753,93.03819444444446,6,143.41935483870967,0.05600520802296094,50.0,158.66666666666666,85.0,63.333333333333336,207.83333333333334,0.5008116638425714,0.674515883438232,228.66666666666666
1.409874788657407,192.83333333333334,2.7160841917741614,1.7458730879903073,127.69467592592594,6,185.93548387096772,0.11406410251988804,51.0,178.0,151.0,143.66666666666666,320.0,0.4421476871967887,0.557851803608909,136.83333333333334
1.509372290972223,242.83333333333334,2.898311970297758,2.213741228734414,129.71689814814815,6,235.76344086021504,0.059475436731044384,52.0,150.83333333333334,127.0,141.66666666666666,284.1666666666667,0.40876863834537264,0.5575909962443024,167.0
1.3728370502777778,180.4,2.4507488533112363,1.6262910798122063,115.93055555555557,5,173.2,0.07237084957276789,53.0,185.8,126.0,122.0,288.2,0.4704415600610691,0.5964381007709243,166.4
1.4699764033333333,229.8,2.7885673343578,2.0940784491897624,125.29833333333333,5,223.01935483870972,0.0491923545922345,54.0,169.8,125.6,131.0,276.8,0.42996971524349814,0.5689194473629196,169.2
1.4837376203156565,162.27272727272728,2.52123588098611,1.469800228546253,109.30820707070707,11,156.53372434017595,0.0999826604907578,55.0,199.45454545454547,138.1818181818182,114.72727272727273,302.6363636363636,0.4553303888864477,0.6328946298049818,149.1818181818182
1.4536861583333331,198.25,2.64291641035918,1.7968347720733,119.12361111111113,8,191.36290322580643,0.06561510043920452,56.0,163.0,125.125,124.75,280.5,0.4473858114413566,0.5914403963726135,175.625
1.427476020606061,189.8181818181818,2.4162145303918505,1.7229633912959672,106.61780303030304,11,183.49560117302053,0.045274492277293826,57.0,159.63636363636363,97.0,99.81818181818181,237.63636363636363,0.4692512042205738,0.622914394102737,203.0
1.441169312067902,179.44444444444446,2.578388587507446,1.6308748548639507,116.3097222222222,9,173.68817204301075,0.09484830428458209,58.0,186.66666666666666,136.0,127.33333333333333,298.8888888888889,0.4492048402116089,0.5989126318944248,155.33333333333334
1.439790201861111,192.4,2.67982074951866,1.7460245343025895,123.41347222222221,10,185.9516129032258,0.08732302929232502,59.0,187.7,144.4,142.7,312.6,0.43725754712949494,0.575543980204624,145.1
1.4599659944861108,206.9,2.7444560002684137,1.8773890655762533,125.38972222222222,10,199.94193548387096,0.06458930611155621,60.0,184.8,139.7,140.8,301.6,0.4286169856468859,0.5703470482116005,153.8
1.4857855465277783,169.83333333333334,2.430791211496652,1.524963400474532,101.74201388888889,12,162.40860215053763,0.05466547528359226,61.0,174.5,99.91666666666667,91.83333333333333,244.16666666666666,0.47012259376766824,0.6505555589365873,195.66666666666666
1.4555814141071421,136.57142857142858,2.2294150701993094,1.2322970078535729,94.26825396825396,7,131.2396313364055,0.12051637036837788,62.0,168.0,101.85714285714286,56.285714285714285,242.14285714285714,0.4959270579150032,0.6842925954450398,189.42857142857142
1.4294578760879626,165.33333333333334,2.4240090786121087,1.4921752738654146,108.2255787037037,12,158.91666666666669,0.0869598465123198,63.0,191.58333333333334,127.83333333333333,106.08333333333333,285.5,0.47716516755299526,0.6285362271485873,164.0
1.5015838538194444,176.125,2.6000716667879074,1.5823489323034987,111.1923611111111,8,168.5201612903226,0.06374819668178792,64.0,194.75,131.5,123.625,291.0,0.4458614798690207,0.6210862558378235,154.875
1.419098702256945,205.125,2.8427246240027984,1.8691503861880963,135.28090277777778,8,199.06451612903226,0.05378453251196995,65.0,200.75,156.25,156.25,332.5,0.42352563645763774,0.5345757699759249,141.5
1.3903311580555555,111.4,2.0316959545591606,0.9730122671512949,89.47694444444444,5,103.6258064516129,0.11105701510896829,66.0,195.6,109.2,0.0,248.0,0.5294938676686962,0.7103600898005887,179.6
1.346128041049382,146.66666666666666,2.214558409500355,1.3073855318289667,103.70447530864197,9,139.23655913978493,0.10975328245872311,67.0,192.77777777777777,117.55555555555556,81.33333333333333,273.77777777777777,0.5016453087444435,0.6364043645875024,169.0
1.3202679105555555,139.26666666666668,2.149011042973224,1.2364076934726638,102.2988888888889,15,131.6774193548387,0.07983463298053142,68.0,201.53333333333333,117.53333333333333,61.4,271.2,0.5113404906520818,0.6412809270439684,173.06666666666666
1.4203819515104166,233.0,2.8342500083672832,2.1152127820687565,137.11302083333334,8,225.2701612903226,0.03289179882669019,69.0,181.75,143.125,153.875,310.875,0.41807965391656937,0.537482539428107,151.125
1.5276032383333336,195.0,2.732753184482953,1.7568378009995456,116.49000000000001,5,187.1032258064516,0.07156287337222378,70.0,175.2,126.0,128.4,287.8,0.4299572211142523,0.6027719525657638,165.6
1.4137058517361112,174.0,2.398060022120518,1.5656898379524455,107.21684027777778,8,166.7459677419355,0.10631087903411542,71.0,155.75,105.0,98.125,257.375,0.4762304671685751,0.6241950273291175,190.5
1.4058333030092596,167.33333333333334,2.44272753907625,1.509717805038114,111.64537037037036,6,160.78494623655914,0.1246840803706375,72.0,179.5,129.16666666666666,116.16666666666667,292.0,0.4693334360411203,0.6139948950282552,157.33333333333334
1.4896329678125002,180.5,2.710447776726692,1.622822959260942,118.52986111111112,8,172.8306451612903,0.08428234568022744,73.0,206.0,148.0,133.625,319.0,0.43692642232118795,0.592648740067818,137.125
1.3783150165277782,161.16666666666666,2.4305401539394844,1.447321924377808,114.0337962962963,6,154.13978494623657,0.10090477209050065,74.0,206.16666666666666,141.33333333333334,113.16666666666667,306.1666666666667,0.47446764231509414,0.604058942159205,146.83333333333334
1.4275850823412706,165.85714285714286,2.3238845813037585,1.4865537309880792,100.92420634920634,7,158.3179723502304,0.05118079817873961,75.0,174.42857142857142,99.0,83.28571428571429,241.14285714285714,0.48336429749362647,0.6474230569943515,195.42857142857142
1.4402866079687504,169.125,2.4272092458012584,1.5285854914432835,107.0482638888889,8,162.79435483870967,0.0734805088786512,76.0,180.25,114.375,105.125,269.0,0.4645003323233747,0.6306686491178377,177.75
1.3770739880208327,127.25,2.0985722378055325,1.144328335605028,93.21111111111111,8,121.87096774193549,0.08109240028574984,77.0,184.375,101.125,33.125,238.875,0.5173414766206268,0.6801106384207263,191.625
1.3873089828282827,77.63636363636364,1.8756449005660294,0.666253631269533,81.18648989898989,11,70.9560117302053,0.1970836814279945,78.0,185.8181818181818,113.0,0.0,249.1818181818182,0.5640526464273374,0.7573130296870288,175.1818181818182
1.3834392699652782,223.5,2.640643023787573,2.0316144176889295,127.39253472222222,8,216.36693548387098,0.05020448056428915,79.0,157.875,123.625,132.375,278.75,0.44253240599103555,0.5572157609675524,171.75
1.5228248499007935,190.14285714285714,2.676263148281295,1.7201488500897857,113.41398809523808,14,183.19585253456222,0.0802382080215649,80.0,174.21428571428572,125.71428571428571,124.57142857142857,283.64285714285717,0.43946955533253496,0.6144505274854054,166.28571428571428
1.457974259895833,154.25,2.335296296857377,1.3824398000908678,98.71979166666667,8,147.2298387096774,0.06429219002351307,81.0,165.875,98.875,80.375,238.875,0.4846790612531929,0.6624106120724146,201.0
1.341980280787037,130.5,2.069503789908697,1.1511939017618253,95.08125,6,122.60215053763443,0.09481701297477957,82.0,179.33333333333334,103.33333333333333,31.666666666666668,242.83333333333334,0.5246281535286617,0.6704822929460591,192.33333333333334
1.5021252924116164,171.72727272727272,2.591332772969467,1.5376206407555797,110.40770202020202,11,163.7565982404692,0.07021621932272554,83.0,196.63636363636363,128.72727272727272,115.36363636363636,289.1818181818182,0.4524117688137397,0.6269341623035879,163.72727272727272
1.3632847003968258,114.71428571428571,2.0326086136528096,0.9998485536877177,91.12142857142858,7,106.48387096774194,0.11824932814215726,84.0,187.57142857142858,108.28571428571429,0.0,249.85714285714286,0.5299700544196569,0.6945817699798073,181.85714285714286
1.3247030123263888,141.25,2.1710849632734237,1.2539754656974103,103.65069444444445,8,133.54838709677418,0.12974414712728727,85.0,186.5,118.625,73.125,275.125,0.5089257032900839,0.6383309220203714,167.75
1.3657187001984137,175.85714285714286,2.4370692951829667,1.5933017459596288,114.70257936507936,7,169.6866359447005,0.07675112701968508,86.0,183.0,121.71428571428571,117.0,280.0,0.47256849251506444,0.5960901057310287,169.71428571428572
1.442279358730159,245.42857142857142,2.8997498548542207,2.2285541204214536,139.48968253968255,7,237.34101382488484,0.05377778154464617,87.0,154.0,143.14285714285714,155.42857142857142,303.14285714285717,0.40945028922041965,0.5317169023067694,155.85714285714286
1.472652812896825,146.64285714285714,2.3901321915622527,1.305423941498453,102.40049603174603,14,139.02764976958528,0.12498860749214132,88.0,193.28571428571428,129.71428571428572,83.35714285714286,289.57142857142856,0.47063289984805395,0.6559123671904226,157.0
1.3716906258333332,137.66666666666666,2.232797558746674,1.2359634509566357,102.96361111111112,15,131.63010752688174,0.13200024503826066,89.0,198.4,127.6,66.0,290.6,0.49610123172327203,0.6487711599793075,160.33333333333334
1.5018818454861111,193.625,2.563554498500721,1.7470089353324245,108.89739583333335,8,186.0564516129032,0.04920313339466832,90.0,170.625,111.75,110.5,261.25,0.4480663603591333,0.6266734383797634,188.375
1.4315162373737373,119.0909090909091,2.166225862229927,1.062051684496028,93.807702020202,11,113.10850439882698,0.12909620432926047,91.0,194.45454545454547,121.36363636363636,12.909090909090908,273.0,0.5067813490053736,0.6968857893785804,165.36363636363637
1.4337912508013888,228.4,2.844158030758741,2.0851128275026505,135.73680555555555,10,222.06451612903226,0.05162459199951962,92.0,167.7,143.9,149.1,311.5,0.4310588707021945,0.5398484315595846,155.8
1.4553338303402779,223.5,2.89376639788835,2.035854914432834,134.17777777777778,8,216.81854838709677,0.047140343986933814,93.0,165.125,138.75,145.75,307.125,0.44078639252662366,0.5437487571274262,154.5
1.4047944601190474,215.0,2.846095647785226,1.9666818112978952,138.66309523809522,7,209.45161290322582,0.06137437203043118,94.0,180.57142857142858,155.85714285714286,155.85714285714286,326.7142857142857,0.4275191532205155,0.5276780108252977,140.71428571428572
1.4336901517746914,158.22222222222223,2.3327461612174414,1.4209029565685631,102.14305555555558,9,151.326164874552,0.12185744474917086,95.0,163.88888888888889,107.11111111111111,91.88888888888889,258.8888888888889,0.4828106695271938,0.6492011396498198,180.77777777777777
1.5283789523148146,186.0,2.6552472140671397,1.688777828259882,110.9412037037037,6,179.85483870967744,0.053018316676768505,96.0,182.5,120.0,120.66666666666667,276.8333333333333,0.446500152033249,0.6223180353582607,170.16666666666666
1.43119496550926,156.5,2.447443198180498,1.4044121358978243,109.49560185185186,6,149.5698924731183,0.09805934641708429,97.0,206.33333333333334,136.66666666666666,112.33333333333333,299.8333333333333,0.46695466858921136,0.625063848733089,151.5
1.3404285003968257,153.71428571428572,2.2800199128605274,1.3792432011423377,109.5232142857143,7,146.889400921659,0.09882875129144818,98.0,212.28571428571428,135.57142857142858,99.0,300.42857142857144,0.48926661604933663,0.6196535432706113,144.85714285714286
1.437688198358586,168.27272727272728,2.494706800907684,1.5148486225269506,111.02752525252525,11,161.33137829912027,0.08103888920809078,99.0,196.72727272727272,128.63636363636363,114.45454545454545,289.45454545454544,0.46591243302105384,0.6192712962666742,157.54545454545453
1.4474988268162396,146.46153846153845,2.295857603277731,1.3107794825196009,99.0902777777778,13,139.59801488833747,0.09253462893454253,100.0,190.76923076923077,115.38461538461539,80.6923076923077,265.9230769230769,0.48338059339712786,0.6672461457235622,172.3846153846154
1.456196935590278,250.25,2.923379518540411,2.2715053763440864,138.78315972222222,8,241.91532258064512,0.028029665966975592,101.0,165.375,137.125,152.5,302.75,0.40772226202258866,0.5342574564982612,164.0
1.3915850324074073,72.33333333333333,1.868304681335873,0.6206269877328486,80.78935185185186,6,66.0967741935484,0.22025156206054583,102.0,184.83333333333334,113.33333333333333,0.0,250.0,0.5638302118731167,0.7607502519144224,174.0
1.3740476062499998,108.33333333333333,2.0065555174309364,0.9527992326720177,89.04305555555555,6,101.4731182795699,0.10332835777508893,103.0,197.0,105.33333333333333,0.0,246.0,0.5349036227112726,0.7071478464715614,188.66666666666666
1.3767926929012344,171.44444444444446,2.4093415576879513,1.5403436148552003,112.58194444444445,9,164.04659498207886,0.08590314990681142,104.0,195.66666666666666,130.22222222222223,115.0,292.55555555555554,0.4719121648733742,0.607045982016349,158.44444444444446
1.384501956944444,130.5,2.117946525686606,1.161479630470998,92.78732638888889,8,123.69758064516128,0.07108511369436574,105.0,168.125,91.25,42.5,222.0,0.5166506526043226,0.6768154954006085,215.625
1.368341356512346,142.11111111111111,2.1559960403624467,1.2682114190519462,96.54783950617283,9,135.06451612903228,0.0745105920938745,106.0,170.22222222222223,92.66666666666667,62.55555555555556,229.22222222222223,0.5143436430219539,0.6607816004279934,211.66666666666666
1.3561669065277777,203.0,2.4515062622993407,1.8389519915190067,117.20722222222221,10,195.8483870967742,0.05830529275158745,107.0,155.6,110.0,115.1,258.9,0.46224608990339827,0.583287705811964,185.8
1.4055264974206356,185.85714285714286,2.5454553932096253,1.6845156963285086,117.46249999999999,7,179.40092165898616,0.06961792498723422,108.0,184.0,127.71428571428571,125.42857142857143,288.0,0.460582567958484,0.5904548340214327,166.42857142857142
1.4315525790404042,184.9090909090909,2.572685480919681,1.665165971390415,116.88749999999999,11,177.34017595307918,0.06484840771917476,109.0,199.27272727272728,133.9090909090909,128.8181818181818,300.6363636363636,0.45059311786440986,0.5939126118452935,151.8181818181818
1.4504963119270837,213.75,2.716010901709653,1.9420717855520218,123.6609375,8,206.8306451612903,0.06824953956958948,110.0,171.625,125.75,133.0,286.75,0.4375858024430242,0.573152788767196,167.125
1.4936123578703702,184.41666666666666,2.5550536217689905,1.668332576101772,108.58032407407406,12,177.67741935483875,0.04961846695154596,111.0,171.0,107.75,109.41666666666667,260.0,0.4532184988862125,0.6240772556753397,191.91666666666666
1.4168791986111111,231.57142857142858,2.865734078479549,2.1016421107288896,138.9452380952381,7,223.82488479262676,0.06286811600837347,112.0,166.57142857142858,144.28571428571428,154.28571428571428,311.2857142857143,0.4176436989403009,0.5276113016119884,150.57142857142858
1.4359400129166668,211.3,2.7051952112987556,1.9157655611085869,125.39388888888888,10,204.02903225806455,0.09641789992409609,113.0,152.3,129.8,134.7,290.5,0.4393984579754293,0.5693972889315593,163.8
1.504382237698413,192.57142857142858,2.7953748944113626,1.742151835745657,122.03134920634919,7,185.53917050691243,0.05730315502061394,114.0,193.57142857142858,143.71428571428572,138.42857142857142,312.14285714285717,0.43203242042171613,0.5820479526133332,145.14285714285714
1.4127246065476193,127.71428571428571,2.134188921008045,1.1337270937452673,93.14007936507936,7,120.74193548387098,0.13719202870113625,115.0,181.14285714285714,111.14285714285714,30.857142857142858,255.42857142857142,0.5109213974693386,0.6955198277198628,176.0
1.4122952381712963,169.66666666666666,2.466266853686851,1.5239537583926497,112.3976851851852,6,162.3010752688172,0.09419811425676976,116.0,188.5,126.66666666666667,114.33333333333333,291.1666666666667,0.46805997268748895,0.6121582929953627,162.83333333333334
1.3661549579722219,180.5,2.4193936674837664,1.6293502953203087,113.72791666666667,10,173.5258064516129,0.0857801788594359,117.0,160.1,113.5,110.2,267.1,0.47716541446684924,0.5989152336894836,182.9
1.4911242917129626,180.55555555555554,2.7170818654178963,1.6273747623134265,119.0672839506173,9,173.31541218637994,0.0827404153875536,118.0,209.33333333333334,150.44444444444446,133.0,320.6666666666667,0.43711984866411746,0.5901899801462615,137.77777777777777
1.341128280681818,82.63636363636364,1.8754029797759657,0.7099252405931189,84.44368686868687,11,75.60703812316716,0.2095802187223181,119.0,188.8181818181818,113.72727272727273,0.0,254.63636363636363,0.5650501917897386,0.7310871725456661,175.27272727272728
1.3990984673148144,166.55555555555554,2.3494559148913,1.498645396873475,104.6766975308642,9,159.60573476702507,0.05769764822468529,120.0,174.0,103.77777777777777,90.55555555555556,247.0,0.4899849401687951,0.6311069941662348,199.66666666666666
1.3531319626388894,155.3,2.3384800313021477,1.391367560199909,111.63499999999999,10,148.18064516129033,0.13963100581736232,121.0,194.8,138.3,102.9,304.7,0.4837048096237456,0.614115848966423,147.4
1.3920963926587298,203.71428571428572,2.644701346519955,1.84509205772268,126.9186507936508,7,196.50230414746542,0.05871877357455978,122.0,190.85714285714286,137.71428571428572,139.71428571428572,305.0,0.44467057508624086,0.5609910266369479,150.57142857142858
1.455603992438271,128.22222222222223,2.174225879321262,1.1330876537600756,90.61033950617283,9,120.67383512544805,0.07044995320603618,123.0,185.77777777777777,97.55555555555556,26.0,233.88888888888889,0.5048329468517303,0.6988895987836669,199.33333333333334
1.441451828055555,120.2,2.1293552070245902,1.0607299712252007,89.26444444444444,5,112.96774193548387,0.12567834686602014,124.0,165.2,96.6,7.0,231.4,0.5110547813393101,0.7033751851494348,204.2
1.416418218571429,111.0,2.0566018320682606,0.975487332597737,87.39583333333333,7,103.88940092165899,0.1228970003218524,125.0,169.42857142857142,97.0,0.0,228.0,0.5242321489326943,0.7121883105566237,201.85714285714286
1.5004563529320984,209.11111111111111,2.7964008042009683,1.8875595268144107,124.33009259259259,9,201.02508960573473,0.057583102769803086,126.0,183.88888888888889,138.88888888888889,140.33333333333334,303.22222222222223,0.42464077732117084,0.5754885459757423,155.22222222222223
1.4623310952243596,198.23076923076923,2.7902018973090517,1.7938466198348069,126.70502136752135,13,191.04466501240694,0.0761638418767984,127.0,189.46153846153845,150.0,146.07692307692307,319.2307692307692,0.43206083970022185,0.5642246704275572,139.53846153846155
1.438832528923611,167.375,2.5209776372317467,1.497501135847342,113.36059027777777,8,159.48387096774192,0.10766766281667242,128.0,201.25,142.125,118.375,309.875,0.45843078335857945,0.611253984740733,143.875
1.4616024631388893,225.3,2.8246831570792623,2.0452521581099496,129.92444444444448,10,217.81935483870967,0.04984144615354567,129.0,168.7,134.6,143.1,300.1,0.4251200853874847,0.5582279621667843,164.5
1.3944517837301587,128.0,2.097812985460535,1.1268038337552195,91.93214285714285,7,120.00460829493088,0.10467919237115632,130.0,176.28571428571428,99.57142857142857,27.0,237.85714285714286,0.5164978689740838,0.6901587829178323,194.85714285714286
1.4313927861111106,198.11111111111111,2.59121513152959,1.7930570279502582,117.6195987654321,9,190.9605734767025,0.06176854670734181,131.0,167.77777777777777,119.33333333333333,120.66666666666667,274.8888888888889,0.4518962353760383,0.5901660114801701,175.22222222222223
1.515512373611111,198.5,2.818807874027859,1.802968347720733,121.37083333333334,6,192.01612903225805,0.06029001878504805,132.0,186.16666666666666,134.0,138.33333333333334,296.3333333333333,0.4279130559227174,0.5845060102696301,159.33333333333334
1.3853121635416663,118.625,2.0633140878458027,1.053952748750568,90.9605902777778,8,112.2459677419355,0.11529652820896177,133.0,172.75,100.125,3.75,234.125,0.5238417398568221,0.6928937612025583,198.25
1.524021518181818,208.63636363636363,2.8267699818992305,1.8872413365825451,122.0685606060606,11,200.99120234604104,0.07341176924327834,134.0,179.54545454545453,135.45454545454547,137.1818181818182,297.1818181818182,0.4206031977552261,0.5835755955886955,158.0
1.401410631388889,126.0,2.099129332546168,1.1153718006966529,90.10472222222222,10,118.78709677419354,0.10293373237833048,135.0,157.8,89.3,22.8,217.3,0.5228837374777504,0.6915545079311929,216.7
1.3705763595486116,148.875,2.2976936811646995,1.3327275480842042,107.42204861111111,8,141.93548387096774,0.11219020476607562,136.0,201.375,133.0,96.5,298.25,0.48619052092676107,0.6322840997160551,152.25
1.3404902356060608,86.9090909090909,1.884237108929357,0.747346247573417,85.16578282828283,11,79.5923753665689,0.18209885998177738,137.0,192.27272727272728,114.81818181818181,0.0,255.36363636363637,0.561620333103105,0.7285177883996766,177.72727272727272
1.4640885847067897,164.0,2.4174835938693864,1.4839046224779981,104.89922839506173,9,158.0358422939068,0.06838503368084542,138.0,182.0,114.11111111111111,102.66666666666667,267.55555555555554,0.4683066959697302,0.6436416204867852,182.0
1.3990714683333334,146.3,2.146412813636551,1.3066484931091928,92.89055555555557,10,139.15806451612903,0.07436087166896596,139.0,149.7,83.3,56.3,206.3,0.5083480161959387,0.6725581373676499,230.2
1.4789943946180555,169.375,2.3103357102743103,1.5090489171588672,95.81232638888889,8,160.7137096774194,0.04410545394068968,140.0,160.0,87.125,76.25,214.5,0.47873192917176616,0.667237596468818,225.125
1.4744235251543207,190.88888888888889,2.5878056038278805,1.7111077456375048,113.39074074074074,9,182.23297491039423,0.06441863206583215,141.0,182.11111111111111,121.77777777777777,119.44444444444444,280.77777777777777,0.44504254584019776,0.6074546991384796,174.55555555555554
1.5009754137345677,187.11111111111111,2.678139420136627,1.6948188533831425,115.70246913580246,9,180.49820788530462,0.09180060631715886,142.0,183.44444444444446,136.77777777777777,130.11111111111111,299.55555555555554,0.43543211286364436,0.6045164233218316,150.88888888888889
1.4121112582638886,145.7,2.3027656792854425,1.3103740723913373,103.22333333333333,10,139.55483870967743,0.09269375353798814,143.0,207.0,129.4,84.9,292.1,0.4844732270505664,0.6509075950381196,153.1
1.4580359505555556,224.5,2.8301354424344116,2.0430713312130853,130.8102777777778,10,217.58709677419355,0.04578761409064354,144.0,168.9,135.8,145.7,300.9,0.423273277432056,0.5543824983160063,162.3
1.3750076456349205,178.42857142857142,2.433511950663248,1.6061097769412174,114.60079365079365,7,171.05069124423966,0.058459322905143676,145.0,188.28571428571428,123.57142857142857,115.28571428571429,282.0,0.47113468440879575,0.59881541283889,169.14285714285714
1.3477242975694441,91.625,1.9290804292256412,0.7958503710434651,87.10381944444444,8,84.75806451612904,0.16006007347757717,146.0,203.0,115.0,0.0,257.75,0.5517280852453065,0.7176998076115687,172.25
1.400426751574075,157.93333333333334,2.3974114659725543,1.423676106820132,109.36592592592592,15,151.62150537634406,0.10985885380973244,147.0,199.2,134.73333333333332,107.6,299.73333333333335,0.47496465454917997,0.6223419484806707,150.93333333333334
1.351573394525463,146.41666666666666,2.2461040430458405,1.3176333989600686,105.2332175925926,12,140.32795698924733,0.11768451542758183,148.0,188.41666666666666,120.75,82.75,278.25,0.49725473517120894,0.6335815384704738,165.66666666666666
1.491960065833332,215.4,2.8430931472920427,1.9442677570801152,127.03916666666666,5,207.06451612903226,0.03975986304176819,149.0,200.4,140.0,141.2,305.6,0.4271097027185856,0.5670688141075055,150.4
1.4397105719135808,168.55555555555554,2.358805028068252,1.5074292829858484,103.88179012345678,9,160.5412186379928,0.1117733991076414,150.0,171.22222222222223,112.88888888888889,98.0,262.77777777777777,0.47570560598244566,0.6466425034014862,173.77777777777777
1.4391978941666674,148.6,2.251314562963059,1.3266091170679992,95.86166666666665,5,141.28387096774196,0.05182825630571088,151.0,173.0,94.4,71.0,230.6,0.4907499666811278,0.6683992487992263,202.4
1.3989392087301584,196.71428571428572,2.4483941598482963,1.7686333052075898,112.21468253968256,7,188.35944700460828,0.050055477450351264,152.0,158.0,103.85714285714286,105.14285714285714,248.28571428571428,0.4679243047051749,0.6021595685418174,200.0
1.491360509600694,226.625,2.778077144365176,2.07189913675602,124.01805555555555,8,220.65725806451613,0.0632005925793339,153.0,151.375,122.125,130.75,276.375,0.42753422362798554,0.5756811260311595,175.625
1.373448604365079,141.28571428571428,2.284180915137097,1.2687739339261375,106.10158730158729,7,135.12442396313364,0.10869076307624355,154.0,204.42857142857142,132.85714285714286,85.85714285714286,298.42857142857144,0.49009331612292545,0.6355158904904666,155.42857142857142
1.3720455675925927,186.66666666666666,2.6354628843913157,1.6815588873744256,129.08148148148146,6,179.08602150537638,0.09549436854893113,155.0,203.66666666666666,158.5,153.16666666666666,335.6666666666667,0.4444672470990514,0.5553819707997975,133.0
1.4149326425505049,189.9090909090909,2.7387476794290246,1.72557928214448,129.73699494949494,11,183.7741935483871,0.06555382052485711,156.0,219.27272727272728,162.36363636363637,149.1818181818182,338.1818181818182,0.43460833797797993,0.5504882775024366,129.63636363636363
1.4903669013888894,187.6,2.668654350372541,1.6961381190368017,115.875,5,180.63870967741934,0.10903886603609261,157.0,174.6,136.4,131.6,301.0,0.43813563234809016,0.6012831527995864,150.4
1.5119445793611117,219.8,2.702122055256385,1.9804937149780404,116.40472222222222,5,210.9225806451613,0.06594887741031104,158.0,137.8,114.8,119.8,262.0,0.43018990219991726,0.5980467894816442,187.8
1.4282734703356477,200.5,2.587939116838047,1.815185016911505,117.99432870370372,12,193.31720430107524,0.049924793132838985,159.0,173.16666666666666,117.16666666666667,121.16666666666667,276.8333333333333,0.4533280548944363,0.5912738140281091,178.5
1.466074501777778,180.6,2.383448350600968,1.6167802514008784,101.39500000000001,5,172.18709677419355,0.06293589288902386,160.0,143.8,92.2,89.6,229.0,0.4695849850427022,0.6459651357135953,210.0
1.3226204376984128,92.42857142857143,1.9246546548540384,0.8122714783323597,88.64583333333333,7,86.50691244239631,0.21242940154710296,161.0,178.42857142857142,115.57142857142857,0.0,259.85714285714283,0.554481845159233,0.7070849317679341,168.42857142857142
1.4286362597395834,203.0,2.568213900210497,1.8341284264728153,115.61805555555554,8,195.33467741935482,0.05016645531710119,162.0,156.75,109.875,115.625,257.25,0.4527608915075783,0.5928222743818761,196.25
1.5338229042824076,222.83333333333334,2.853635218066094,2.0038366399111514,123.74583333333334,6,213.4086021505376,0.048889910354464494,163.0,168.66666666666666,132.66666666666666,136.16666666666666,291.5,0.42659598270923715,0.5835599168924187,165.83333333333334
1.5202472520833334,189.25,2.6829805710095527,1.7115704982583677,113.87233796296294,12,182.28225806451613,0.08512076466785277,164.0,171.08333333333334,126.08333333333333,121.91666666666667,283.3333333333333,0.4416047196471467,0.6115457314856966,164.58333333333334
1.4126605237373735,90.63636363636364,1.9764847939676569,0.7886773229799128,84.44457070707071,11,83.9941348973607,0.1640977046200285,165.0,195.8181818181818,114.63636363636364,0.0,255.0,0.5406718737410028,0.740388085819431,174.54545454545453
1.531675576190476,188.14285714285714,2.7475544282615707,1.6948140455637046,116.20595238095237,7,180.49769585253458,0.06071624752906816,166.0,197.85714285714286,136.85714285714286,131.28571428571428,300.14285714285717,0.43364966505710284,0.6009611260820579,151.57142857142858
1.4518401334722215,117.33333333333333,2.154863520751249,1.0331667423898228,90.58888888888889,6,110.03225806451614,0.1373613761251035,167.0,181.33333333333334,107.33333333333333,2.6666666666666665,249.66666666666666,0.5112869350607703,0.7080929694169161,183.66666666666666
1.3092283395061723,136.77777777777777,2.085540444190096,1.2201188012183013,98.84737654320988,9,129.9426523297491,0.12474728840183638,168.0,172.0,105.55555555555556,55.333333333333336,247.55555555555554,0.5240900375949517,0.6503202377297046,190.88888888888889
1.4330464315972227,136.25,2.1584256281982155,1.2030516431924883,91.51493055555555,8,128.125,0.07258693627407142,169.0,168.625,90.625,46.375,220.5,0.5056995436633996,0.6901630098487538,216.375
1.464302644444445,191.8,2.6405138529251078,1.7399969710737544,116.32305555555556,5,185.30967741935484,0.05434639645093962,170.0,183.2,125.0,130.0,286.8,0.44591320980566795,0.59874695574221,167.2
1.4533220509259255,182.66666666666666,2.47698054367726,1.640264526225453,107.61111111111113,6,174.68817204301078,0.07853388340454581,171.0,159.0,106.33333333333333,104.33333333333333,255.5,0.46590314443271136,0.6274557413166146,197.0
1.3958459729166668,111.66666666666667,2.0482838464621955,0.965722651320107,89.55972222222222,6,102.8494623655914,0.1935642059126413,172.0,160.16666666666666,108.33333333333333,0.0,248.5,0.5253422145771169,0.7069845710829528,176.5
1.3854794708333331,160.66666666666666,2.415017977469191,1.4464637286082087,112.26921296296298,6,154.04838709677418,0.0952825706363416,173.0,203.0,137.5,108.83333333333333,306.0,0.4705162417709505,0.6101669561541431,147.5
1.3954967872993826,201.22222222222223,2.661630495314478,1.8320292123109025,126.10000000000001,9,195.11111111111111,0.06216051038144563,174.0,184.55555555555554,136.11111111111111,137.55555555555554,303.8888888888889,0.44705284146119595,0.5625002772016588,154.88888888888889
1.3734794165277784,89.2,1.924895257175897,0.7756171437225504,84.01180555555557,10,82.6032258064516,0.15938921811415757,175.0,181.8,102.6,0.0,236.6,0.5537818114090639,0.7311304185074913,192.7
1.5047341834413568,213.11111111111111,2.8040386852367516,1.9337001699564174,122.51049382716049,9,205.93906810035844,0.050222687648576146,176.0,170.66666666666666,126.11111111111111,133.88888888888889,285.0,0.42817679289354693,0.5798034331378621,172.44444444444446
1.4629854591666662,188.33333333333334,2.5800834691758117,1.7028623353021353,113.36458333333333,6,181.3548387096774,0.07016987504007956,177.0,178.0,121.66666666666667,120.5,279.0,0.4537340010417575,0.6066142553746084,171.83333333333334
1.384747850462963,172.83333333333334,2.393661496256886,1.5543944671613914,110.57291666666669,6,165.54301075268816,0.06769173539659568,178.0,184.33333333333334,119.5,108.16666666666667,275.1666666666667,0.47684728463496223,0.6148702177638494,167.66666666666666
1.4881673666666668,183.0,2.5665154617192267,1.64709223080418,109.32239583333333,8,175.41532258064518,0.06620765227084044,179.0,182.125,120.125,111.625,272.375,0.4538709985132246,0.6291414895464642,169.375
1.3942202387345681,217.11111111111111,2.7251452558736835,1.9747589479529506,132.71635802469137,9,210.31182795698925,0.06539151167188287,180.0,183.77777777777777,142.88888888888889,150.88888888888889,312.8888888888889,0.42487302025608126,0.5456654141804871,148.55555555555554
1.3598794060606065,134.36363636363637,2.149854059580963,1.1877796593834757,98.54406565656565,11,126.49853372434018,0.1058301536206812,181.0,190.9090909090909,111.63636363636364,46.45454545454545,264.72727272727275,0.509869893789118,0.6598943470765146,176.1818181818182
1.404466861309524,127.85714285714286,2.2047435071454196,1.1308279786244348,98.04861111111111,7,120.4331797235023,0.09979602964869262,182.0,207.28571428571428,121.0,40.142857142857146,280.57142857142856,0.49770786290099217,0.6720448868082439,164.14285714285714
1.4505302905555548,120.6,2.1049970641936597,1.0673936089656217,86.79138888888889,5,113.6774193548387,0.07053022195086689,183.0,171.6,86.4,5.2,212.2,0.5154337208176434,0.7112910294588968,219.0
1.3474084532986113,141.5,2.134146194133465,1.2632136907466305,97.70260416666666,8,134.53225806451613,0.0854924646240879,184.0,168.875,96.625,60.25,233.0,0.5199125098174416,0.6560435116296734,204.5
1.3586251636111104,139.4,2.1450550943794275,1.231864304104195,98.06555555555556,5,131.19354838709677,0.10514670965358494,185.0,173.6,105.8,56.4,251.0,0.5166560577633941,0.658523098256165,186.8
1.4529760866666672,143.9,2.2968373072510886,1.2848402241405423,98.47416666666666,10,136.83548387096775,0.08861407619232807,186.0,191.0,115.1,72.4,266.0,0.4878765411419434,0.6700944988933727,168.4
1.4186449131944445,111.1,2.0659216165238177,0.9727093745267303,88.46597222222222,10,103.59354838709677,0.10983239688975352,187.0,192.3,107.4,2.6,245.5,0.5237269118213258,0.7121010529388576,182.4
1.4368725417777777,174.5,2.5218601128042804,1.5806451612903225,114.15319444444444,10,168.33870967741933,0.10352352065969934,188.0,184.9,132.8,121.6,299.6,0.45768683542740113,0.6078467778774888,155.5
1.4768814797222223,208.5,2.7407456059171404,1.8896259276086629,121.29194444444447,10,201.24516129032256,0.042974603959537984,189.0,177.0,124.6,128.7,283.0,0.4377434863498392,0.5816536560500966,171.0
1.436665482738094,235.71428571428572,2.809251960705672,2.1336621881828606,132.33591269841267,7,227.23502304147468,0.044603760217245485,190.0,155.42857142857142,133.14285714285714,141.28571428571428,291.0,0.42315258782573195,0.5485246484235541,166.0
1.4362037988095238,138.85714285714286,2.2022754946617367,1.235239393349343,94.51130952380952,7,131.55299539170505,0.09975372218985924,191.0,174.57142857142858,101.42857142857143,57.57142857142857,242.14285714285714,0.49764069262400396,0.6814339918205617,192.0
1.4490060652777779,169.5,2.4834632280742954,1.5300116108839417,109.57245370370372,6,162.9462365591398,0.06998894530421086,192.0,203.0,126.83333333333333,110.83333333333333,288.5,0.4594737868337655,0.6227459662679572,159.5
1.4899343746759257,173.16666666666666,2.509145320358634,1.5715583825533848,106.4627314814815,6,167.3709677419355,0.09001992715996789,193.0,155.83333333333334,106.83333333333333,103.33333333333333,261.1666666666667,0.46552221353257456,0.6359672182636587,192.33333333333334
1.482953885493827,195.33333333333334,2.72288589392063,1.7740757568108774,120.69737654320988,9,188.93906810035844,0.06940406005868578,194.0,179.66666666666666,136.11111111111111,134.33333333333334,294.8888888888889,0.43880928086482596,0.5862436552831493,162.77777777777777
1.444448064814815,172.22222222222223,2.334580854334633,1.5488582630790722,100.13101851851853,9,164.95340501792117,0.05186683520154361,195.0,156.22222222222223,92.0,84.33333333333333,226.55555555555554,0.4793078050158168,0.6494497222727964,210.66666666666666
1.4102042280092597,183.66666666666666,2.4702406721460557,1.6630824372759856,112.51990740740742,6,177.11827956989248,0.05074323964791653,196.0,197.0,121.16666666666667,115.33333333333333,275.6666666666667,0.46369082751055907,0.6071040173334834,168.16666666666666
1.3497552809027777,113.5,2.0254587699073876,1.0068403251047504,91.91099537037036,12,107.22849462365592,0.1523388989177831,197.0,181.41666666666666,108.5,2.0,251.5,0.5360777624878063,0.6907160194448528,183.25
1.3338220515432095,117.22222222222223,2.074230850217145,1.03818129806317,97.3533950617284,9,110.5663082437276,0.14666152975996397,198.0,194.44444444444446,121.11111111111111,13.0,279.3333333333333,0.5259159783194873,0.6695708145679866,162.66666666666666
1.4414301959722227,178.5,2.6047352489632294,1.6188399212479176,118.07180555555556,10,172.40645161290323,0.08075733245545912,199.0,212.0,147.0,128.5,316.9,0.44623393825396096,0.5930723655884182,141.0
