MFR,MET,max_pop2,MDB,avg_a_spd,ATR,cong_time,max_pop,MRD,avg_dsr_spd,cong_ratio,avg_duration,avg_spd_ratio,max_time
167.4,280.46666666666664,183.6021505376344,1.7239638548134684,0.6268725597202582,2.3666134566540293,123.4,190.2,124.93333333333334,1.368878492777778,0.05753353851763186,111.63787037037036,0.46763450858997524,181.66666666666666
152.73333333333332,293.73333333333335,171.10967741935485,1.606663637740421,0.6008593455202843,2.6710302542549917,119.0,177.93333333333334,132.2,1.51943886712963,0.08708398169027819,113.77046296296297,0.44314672071542255,188.86666666666667
191.66666666666666,248.33333333333334,152.24946236559143,1.429572416578323,0.6125797376870122,2.5132266480299195,84.2,159.93333333333334,102.8,1.4696760023703699,0.0813839543808605,106.59750000000001,0.4802893379258837,166.73333333333332
129.6,331.8666666666667,191.36989247311826,1.7969003988086223,0.5623333176954521,2.8119479043565843,152.26666666666668,198.33333333333334,158.6,1.475646960462963,0.06952028868966399,126.08527777777779,0.4192901000109813,210.66666666666666
171.6,256.2,81.94408602150538,0.7694280377606137,0.7458313612334141,1.8700956117500342,0.0,89.26666666666667,113.6,1.3408119371296296,0.213355304185011,84.1836111111111,0.5624861463574823,179.26666666666668
189.2,248.0,128.42150537634407,1.205835731233278,0.6524240343963896,2.1860061888319158,43.666666666666664,135.93333333333334,104.8,1.3817240220277778,0.09831017607898815,99.01324074074074,0.5145761384340205,184.06666666666666
200.2,240.8,164.9483870967742,1.548811146448584,0.6348842142239447,2.1934875828893223,97.46666666666667,172.26666666666668,96.66666666666667,1.3167653961203705,0.07676839735534795,101.80916666666667,0.49969784329140676,164.73333333333332
152.13333333333333,301.2,217.6752688172043,2.0438992377202285,0.5679946350914232,2.5470781896445476,148.26666666666668,224.93333333333334,137.4,1.3437778588888891,0.03749544908627605,124.55250000000001,0.4358015711246124,187.93333333333334
177.86666666666667,267.8666666666667,164.352688172043,1.5432177293149578,0.622104461638087,2.503579866142515,102.0,171.8,113.73333333333333,1.4724400593518514,0.09030933610042997,108.41666666666669,0.4665500281601257,174.13333333333333
150.73333333333332,304.1333333333333,209.81720430107526,1.9701145943762934,0.5645624635985125,2.9073800706524513,146.8,216.6,138.53333333333333,1.5219945473148142,0.061019356501432136,126.57787037037039,0.414706801801846,185.0
162.6,277.4,136.14838709677417,1.2783886112373166,0.6334802536701779,2.4524116912097442,69.33333333333333,142.66666666666666,121.73333333333333,1.4947077471111112,0.12519033868786322,105.98787037037037,0.48104686041704264,185.86666666666667
178.8,271.46666666666664,219.3161290322581,2.059306375889747,0.5556263086780693,2.885728832365006,126.66666666666667,226.6,120.2,1.5064762988888891,0.04042899987665461,125.63935185185184,0.4286506023486097,165.73333333333332
147.46666666666667,312.26666666666665,219.0193548387097,2.056519763743753,0.5160732021222096,3.234638187086153,151.66666666666666,225.8,146.53333333333333,1.5537389565277773,0.04082813370223793,145.3437037037037,0.40713082063604145,168.66666666666666
193.66666666666666,237.33333333333334,114.23010752688172,1.0725831692664949,0.6739784279464504,2.30645487853893,14.866666666666667,120.26666666666667,100.93333333333334,1.5170082998425929,0.09702810092129417,93.82981481481481,0.4955028837481777,179.13333333333333
166.86666666666667,287.4,189.19569892473118,1.7764854359129685,0.5656690107910277,2.72036144119253,125.53333333333333,196.0,126.33333333333333,1.43918511425,0.07126948366041339,124.62638888888887,0.448033664787263,166.4
172.6,266.93333333333334,123.15053763440861,1.1563430763794236,0.6529457488578323,2.303761001769617,40.06666666666667,131.2,116.0,1.4548864442592588,0.15632940409425677,100.62425925925923,0.4976475706774046,174.86666666666667
165.26666666666668,270.3333333333333,139.69032258064516,1.3116462214145086,0.6457084044625765,2.4754683813873988,77.53333333333333,147.2,119.53333333333333,1.5284685969444445,0.09872946094306355,102.09925925925926,0.47139755267147715,190.46666666666667
164.93333333333334,279.3333333333333,137.8279569892473,1.2941592205563126,0.624411656301744,2.3362898283714117,82.93333333333334,144.0,122.86666666666666,1.3977680971574074,0.12140023585917407,107.58805555555554,0.49126239677803407,185.0
163.06666666666666,276.0,114.25806451612902,1.0728456762077845,0.690738358407438,2.193813374759332,16.533333333333335,121.26666666666667,121.93333333333334,1.4331217535555558,0.15492609496110338,94.85249999999998,0.5050450112628098,190.53333333333333
212.26666666666668,220.4,131.19784946236558,1.2319046897874701,0.6756230284800435,2.1182759824980404,56.0,137.86666666666667,91.33333333333333,1.3724461865092592,0.06606380988863111,92.3548148148148,0.5139401620848157,171.8
185.26666666666668,247.73333333333332,95.84086021505375,0.8999141804230402,0.6953162126608289,2.011073786279164,0.0,102.13333333333334,106.53333333333333,1.3605681163703707,0.16424493419372196,90.68287037037038,0.5423614262639723,181.46666666666667
163.86666666666667,271.6,117.37634408602149,1.1021252965823614,0.7119610282564317,2.125960950101659,24.733333333333334,124.0,117.53333333333333,1.4007067154629633,0.15911246755031608,92.3875,0.5081247173035996,183.6
162.53333333333333,273.8,108.26666666666668,1.016588419405321,0.6679426981264357,2.2224078802942966,8.066666666666666,115.06666666666666,122.93333333333334,1.448321114814815,0.1350653994398687,96.87277777777778,0.5046451137617243,203.6
177.93333333333334,265.06666666666666,165.00860215053763,1.549376546014438,0.6201055415415099,2.305942664869488,101.33333333333333,172.26666666666668,112.8,1.3556190510000004,0.0777355048967817,110.62657407407409,0.48576831542946725,169.2
170.86666666666667,280.73333333333335,175.7978494623656,1.6506840325104752,0.5729944113921884,2.7403549794674213,114.4,182.33333333333334,124.86666666666666,1.4827689008333331,0.05808341826952348,120.88898148148147,0.44980676398059233,169.13333333333333
151.33333333333334,303.6666666666667,198.30537634408603,1.8620223130900095,0.5565861584368877,3.072049360966962,139.4,204.53333333333333,140.06666666666666,1.5986025728425928,0.0414140977209365,127.63166666666666,0.41673488234316963,195.93333333333334
157.0,283.3333333333333,120.16774193548389,1.1283356050280176,0.6603706990214212,2.332164955071709,34.266666666666666,127.73333333333333,127.73333333333333,1.4902066849444446,0.0868396252860942,101.00564814814815,0.48828397029329873,218.86666666666667
188.86666666666667,242.06666666666666,98.61935483870967,0.9260033318188703,0.705674493988667,2.0796456166176074,0.0,105.33333333333333,104.2,1.4224335260185184,0.12875840129990213,87.77157407407408,0.5203283031711652,186.33333333333334
160.4,280.06666666666666,121.45806451612904,1.1404513100106013,0.697912926695644,2.097144792889708,41.666666666666664,127.6,122.46666666666667,1.36739440712963,0.1615838453361866,96.2087037037037,0.5106042432549812,186.8
137.0,326.93333333333334,180.92258064516128,1.6988035741329701,0.5688308288113646,2.752720974400582,143.06666666666666,186.86666666666667,155.0,1.4708953233055555,0.06944890979117463,123.80296296296297,0.43314201148012865,213.0
136.4,323.0,167.80215053763445,1.5756070473017316,0.5879580174715361,2.662287251751389,135.0,174.46666666666667,151.6,1.4606299984351852,0.10484968346143891,120.62166666666666,0.4420245397244808,201.26666666666668
182.6,252.33333333333334,109.50322580645161,1.0281993033469634,0.6723316763254457,2.1477385780583464,8.0,116.2,109.0,1.4069944202777778,0.12658838223970362,94.34185185185187,0.5154614575959482,185.66666666666666
187.86666666666667,240.8,97.35913978494622,0.9141703266192135,0.7186622142907217,1.9322873573850299,0.0,103.13333333333334,104.13333333333334,1.3291247666666668,0.16068707251246733,86.20796296296298,0.5491363278542555,177.8
127.6,337.0,193.36344086021504,1.8156191630067142,0.5488249344818538,2.803316914571256,155.86666666666667,199.46666666666667,161.26666666666668,1.442559503148148,0.08320313487955631,130.1862037037037,0.4188437262781288,206.06666666666666
190.46666666666667,260.06666666666666,219.26666666666674,2.0588419405320817,0.5883642834163552,2.829355376272816,122.26666666666667,226.26666666666668,109.33333333333333,1.5495877105555558,0.03932629855126619,117.27416666666667,0.4239933761052984,163.4
145.46666666666667,310.8,221.763440860215,2.082285829673381,0.5613178111373024,2.4710672879500546,159.13333333333333,228.6,143.2,1.298141037037037,0.05335574575670863,128.41175925925924,0.4294269656695921,177.8
178.46666666666667,271.2,232.88817204301074,2.18674339946489,0.5724040415819243,2.675698354335483,133.06666666666666,240.13333333333333,120.13333333333334,1.4283747120370371,0.03915869526178842,123.27314814814817,0.4309303039498525,153.93333333333334
192.2,235.8,115.05161290322577,1.0802968347720734,0.681806058209546,2.1818906087928847,13.8,122.53333333333333,101.33333333333333,1.4411818141666666,0.09810102474336585,91.96712962962962,0.5054666651766921,177.86666666666667
176.13333333333333,257.93333333333334,82.24731182795699,0.772275228431521,0.7112650871636272,1.8871022051842425,0.0,88.53333333333333,114.46666666666667,1.3088683649074075,0.2083024299109529,87.45388888888888,0.5637609198743271,183.33333333333334
177.26666666666668,267.26666666666665,175.8258064516129,1.6509465394517646,0.6588966191519234,2.2142154365302766,116.26666666666667,182.46666666666667,114.66666666666667,1.3492371688888893,0.05502047821391147,104.24648148148147,0.4819236872882067,182.4
152.13333333333333,290.46666666666664,165.14838709677417,1.5506890807208848,0.6061834367497361,2.535079287090447,118.86666666666666,171.46666666666667,130.46666666666667,1.4546229693425927,0.0890271022699971,112.26203703703702,0.4606672254941068,191.06666666666666
182.53333333333333,258.6666666666667,161.5247311827957,1.516664142561462,0.6128330045331559,2.7293296178263478,90.53333333333333,169.2,110.33333333333333,1.5794229441851853,0.06646115358249753,109.87083333333335,0.454813397521323,174.53333333333333
159.0,300.06666666666666,235.15483870967736,2.2080266545509617,0.5385365728424074,2.7379575832280327,150.66666666666666,243.06666666666666,137.6,1.380084879453704,0.05363993660187924,136.80833333333334,0.4256380889141636,151.0
144.66666666666666,304.6666666666667,158.98064516129034,1.4927760109041341,0.6005794758529117,2.5004565359631257,110.33333333333333,165.33333333333334,142.06666666666666,1.4307296392777786,0.10383368818708633,113.20287037037038,0.46496031671820737,206.53333333333333
193.66666666666666,247.8,162.19569892473118,1.5229643091524057,0.6485071800230524,2.138079600143261,96.93333333333334,169.53333333333333,100.6,1.3147270595370373,0.07617051135948992,102.33157407407407,0.5018232267967687,161.8
216.06666666666666,222.26666666666668,167.45376344086026,1.5723358069564337,0.6874926179780235,2.0145985685109618,85.06666666666666,175.53333333333333,87.4,1.320154753981481,0.05361840406944656,94.93694444444445,0.5171307642609556,156.8
179.0,269.8666666666667,188.48602150537636,1.7698217981725477,0.5654736177846156,2.5866850416981038,119.33333333333333,195.06666666666666,117.6,1.3971988440462964,0.04968355535502651,123.60916666666668,0.454403894671793,166.13333333333333
174.93333333333334,271.93333333333334,163.2344086021505,1.5327174516633855,0.6007673492245352,2.4664862637416545,103.66666666666667,171.53333333333333,117.86666666666666,1.4173296422222221,0.07323477929190399,111.3375,0.4768237252685509,186.6
196.8,246.53333333333333,165.6043010752688,1.554969963148064,0.6435187165819862,2.5111326194751964,93.13333333333334,175.13333333333333,101.73333333333333,1.521223293518519,0.06187426896232531,102.83185185185184,0.4625409333269378,166.0
150.06666666666666,300.46666666666664,174.07741935483872,1.6345297592003634,0.5735494436814222,2.6657522525739332,123.33333333333333,181.2,138.4,1.453374383481481,0.07492315482012399,119.5264814814815,0.45565808631919824,202.2
147.0,307.3333333333333,171.94838709677424,1.6145388459791001,0.6218489657164857,2.4220758065192665,136.6,178.73333333333332,139.8,1.3891937979629627,0.074018885935817,111.8984259259259,0.44377584382724816,206.53333333333333
189.8,249.8,138.9333333333333,1.3045383411580593,0.6521609000405675,2.354982660738482,68.0,147.86666666666667,106.8,1.4764945413888895,0.10019157762240422,99.97898148148148,0.4889168522874641,176.73333333333332
176.53333333333333,259.2,110.39139784946236,1.0365389469433088,0.652462136098199,2.141279797027382,7.333333333333333,116.33333333333333,111.6,1.3622436435648153,0.12273504000924138,97.84805555555555,0.5245768636953322,190.4
163.33333333333334,289.6,185.58279569892474,1.7425614619617347,0.6036951151561,2.4582454626629,130.33333333333334,193.2,129.2,1.3781687453703704,0.1075756314298781,116.8125,0.45821440671305974,167.06666666666666
157.06666666666666,301.0,192.38279569892475,1.8064112272199504,0.5674210625490854,2.6200909299584754,138.53333333333333,199.26666666666668,135.53333333333333,1.3936932088888887,0.07534056503681998,124.3312962962963,0.450512243260332,177.53333333333333
138.33333333333334,317.26666666666665,188.1935483870968,1.767075571709829,0.560641716897748,3.0330728426977935,141.6,194.46666666666667,152.46666666666667,1.6012837470370374,0.06922789373742179,126.95472222222224,0.41714099954796746,207.73333333333332
160.0,294.8666666666667,218.85806451612905,2.05500530062093,0.5649435726764165,2.762192840822507,145.26666666666668,224.53333333333333,133.2,1.4487615986851852,0.06039602384519164,127.2860185185185,0.4217761068470662,164.33333333333334
156.8,295.73333333333335,179.8408602150538,1.6886465747892374,0.6080165163447103,2.3953239852806183,133.73333333333332,186.46666666666667,132.06666666666666,1.3540701268518516,0.07382575324733921,113.53592592592592,0.4551052044839696,190.53333333333333
169.46666666666667,267.6666666666667,135.68817204301072,1.2740673431268617,0.6574559610666161,2.374977844118012,75.86666666666666,142.46666666666667,117.4,1.4899479850925925,0.09049783995509883,100.93518518518519,0.4786470333574127,193.8
152.6,312.46666666666664,224.3204301075269,2.106295118380534,0.5332916155713822,3.059322642073039,151.06666666666666,230.73333333333332,142.2,1.5050166010000003,0.036919871506322297,137.3325925925926,0.41360545151785444,177.6
194.4,241.06666666666666,150.64516129032256,1.414508556716644,0.632946926400835,2.4097962227449687,80.8,158.66666666666666,100.66666666666667,1.4470931846574073,0.07536645531393112,103.10870370370371,0.484064699213807,167.93333333333334
175.73333333333332,246.53333333333333,67.92903225806452,0.6378312888081175,0.784071613793895,1.850695266987941,0.0,74.0,112.2,1.3976302825925926,0.21280930275015847,78.68861111111111,0.5663511356996035,181.4
133.33333333333334,324.1333333333333,195.86666666666667,1.8391236306729268,0.5668925429623037,2.4169898625531743,154.33333333333334,202.26666666666668,150.93333333333334,1.2778596719444442,0.06700846315070827,122.91712962962961,0.44097023458208395,211.86666666666667
166.06666666666666,275.6,123.8537634408602,1.1629461355949318,0.6898419332629777,2.1838752167070554,48.333333333333336,129.73333333333332,119.46666666666667,1.4047942794444443,0.11818730631504784,95.01527777777777,0.5007734352702944,199.8
168.93333333333334,258.93333333333334,89.10107526881718,0.836629814730678,0.76234605929209,1.8478079326526617,0.0,95.6,114.26666666666667,1.3283205317592597,0.18605816669485425,84.20370370370371,0.5668626089594719,193.06666666666666
145.4,315.2,171.45806451612899,1.6099348780857186,0.5983971370374185,2.296218569179008,139.73333333333332,177.6,141.46666666666667,1.2807878212037036,0.0651047970991918,116.49842592592593,0.4633262477096271,213.13333333333333
188.2,252.6,142.24946236559143,1.3356757029632995,0.6797773346789746,2.169298660105342,77.8,149.0,104.46666666666667,1.38815944037037,0.1309032132717966,96.82750000000001,0.5042930597698511,163.66666666666666
180.93333333333334,264.8,195.44086021505373,1.835125448028674,0.5693809507891067,2.7706912242443615,121.0,202.66666666666666,114.26666666666667,1.4943527970972221,0.04585374627021135,120.61037037037039,0.4419198491930297,158.13333333333333
186.0,251.53333333333333,138.6817204301075,1.3021757786864556,0.6417227940367647,2.159772312728403,72.73333333333333,145.93333333333334,105.66666666666667,1.3293460452129628,0.10831262975833758,100.51222222222223,0.5144792878570977,175.53333333333333
165.46666666666667,269.6666666666667,108.40215053763441,1.017860568428492,0.7209263259455417,2.1217606740270396,7.533333333333333,114.8,119.2,1.4436538267592591,0.14936217246115321,91.58990740740741,0.5130048785871911,191.86666666666667
156.6,309.4,211.3956989247312,1.984936140138321,0.5498202429359924,2.73578962284159,148.73333333333332,218.33333333333334,142.93333333333334,1.4003767705092591,0.05468426300164417,133.6197222222222,0.43206367175466814,169.8
203.13333333333333,241.86666666666667,172.2086021505376,1.6169821798172548,0.6130580090121427,2.5731148103912513,88.46666666666667,182.06666666666666,99.33333333333333,1.5101342906481479,0.07628178860099064,109.33981481481482,0.4649793485634465,151.8
139.73333333333332,324.46666666666664,167.81075268817204,1.5756878186682823,0.5737582021378631,2.824359034030615,126.73333333333333,174.33333333333334,153.93333333333334,1.534614620444444,0.09531974955736505,123.68435185185186,0.44473909931076333,208.46666666666667
191.66666666666666,245.93333333333334,121.73118279569891,1.1430158008985813,0.6578073983793534,2.3419638619741003,26.2,130.33333333333334,104.93333333333334,1.4939946472222227,0.1011194115181271,98.8100925925926,0.49423215095469575,179.2
176.33333333333334,259.53333333333336,128.1440860215054,1.203230854662022,0.6746376846213737,2.205473403342002,56.2,134.8,110.6,1.4132489298148145,0.1284472791542147,95.8824074074074,0.49863794352613894,180.46666666666667
146.06666666666666,314.53333333333336,190.48387096774195,1.7885809480539148,0.5517552033539522,2.9998543775559168,143.6,197.13333333333333,145.2,1.5452988009444444,0.06969085874467913,132.43092592592592,0.4253024494986733,184.73333333333332
172.66666666666666,257.8666666666667,95.86666666666666,0.9001564945226918,0.7414362399736708,1.9920519294898686,0.0,102.46666666666667,114.6,1.396977528703704,0.1678854902027061,85.38101851851852,0.5318236743029672,189.2
174.0,257.1333333333333,85.56129032258065,0.8033923973951235,0.7172990839463861,1.959460987589814,0.0,91.86666666666666,114.6,1.3673629428703709,0.17155179281740188,86.63564814814818,0.5460810508763413,193.26666666666668
159.66666666666666,301.0,222.7569892473118,2.0916149225099705,0.5224425179525263,3.112479854202913,143.66666666666666,229.4,138.2,1.5189543211759258,0.05912003096907473,140.305,0.4198778489432142,150.33333333333334
175.2,279.06666666666666,201.11612903225804,1.8884143571104046,0.5740083220588801,2.609285054255487,127.26666666666667,208.26666666666668,119.6,1.400277882296296,0.060407868868995254,120.60555555555555,0.4516885791175351,168.86666666666667
170.66666666666666,268.2,123.78064516129032,1.1622595789792518,0.6982697687328995,1.9151258187621805,46.53333333333333,129.93333333333334,115.06666666666666,1.2627794187962962,0.15587534985538345,96.3051851851852,0.5482188791667012,182.93333333333334
171.46666666666667,258.6,75.58494623655913,0.709717805038114,0.7114787175371448,1.9534584630515102,0.0,83.0,116.26666666666667,1.3737438948148148,0.18527496697110954,88.63185185185188,0.5568098017003985,191.13333333333333
150.2,304.8666666666667,175.0,1.643192488262911,0.5779461701962746,2.8445958143875414,124.46666666666667,181.0,141.8,1.54088057937037,0.07994002614525585,119.46805555555557,0.4405429642943269,194.73333333333332
165.8,271.0,107.32043010752686,1.0077035690847593,0.6657850715949938,2.1753198213859815,2.4,114.8,120.66666666666667,1.4210085927499996,0.11977909183703736,96.73,0.5098213300112869,207.06666666666666
139.2,320.73333333333335,219.52043010752686,2.061224695845323,0.5468774794524226,2.4757150726456825,161.26666666666668,226.73333333333332,147.6,1.2692058103703703,0.038588805193683094,128.8276851851852,0.4287690522710505,204.73333333333332
175.93333333333334,283.93333333333334,210.46881720430108,1.9762330253924982,0.5457092509522281,3.0928659166277788,127.6,218.6,126.46666666666667,1.5775845682407408,0.0493772222077229,130.0160185185185,0.4209346246255351,161.53333333333333
150.93333333333334,293.8666666666667,134.33763440860213,1.261386238578424,0.6338834716696371,2.4298941754238794,74.8,140.93333333333334,132.73333333333332,1.478071428277778,0.1338137609845363,106.97398148148149,0.4786570667436384,190.66666666666666
198.26666666666668,228.4,108.38709677419357,1.0177192185370287,0.7125756985411453,2.0915473098691537,2.0,115.26666666666667,97.73333333333333,1.4364144325000003,0.1000084346543647,87.18564814814816,0.5156342030244406,177.06666666666666
164.86666666666667,292.06666666666666,204.21935483870968,1.9175526275935184,0.573199523257961,3.095994030818885,132.13333333333333,210.73333333333332,133.2,1.6367063908148147,0.0589922555282872,125.21870370370371,0.411950754351235,166.26666666666668
174.86666666666667,274.26666666666665,166.70752688172044,1.5653288909081728,0.619373358701175,2.4100291229348936,105.33333333333333,173.4,116.2,1.4060861674074066,0.10077232087358722,109.31342592592593,0.4762269169627459,175.06666666666666
184.73333333333332,247.8,140.53763440860212,1.3196022010197384,0.6627650082733668,2.1049610486846473,77.73333333333333,146.93333333333334,105.46666666666667,1.3289605312037032,0.08593580029700112,97.11092592592591,0.5086956081864883,179.86666666666667
160.13333333333333,284.46666666666664,132.1010752688172,1.2403856832752789,0.6535647769835852,2.3795483091187197,59.666666666666664,138.4,128.26666666666668,1.493134995037037,0.10104813665213198,102.10203703703702,0.47864537114429767,206.46666666666667
185.0,268.6,202.95913978494625,1.905719622393861,0.5846159840742835,2.5804383169913114,121.33333333333333,209.46666666666667,119.06666666666666,1.4181160287870367,0.04559113349390857,119.9484259259259,0.447317354472781,160.93333333333334
159.0,283.73333333333335,138.65806451612903,1.3019536574284414,0.6694091361220725,2.267199626644271,103.26666666666667,145.2,122.26666666666667,1.400479478055556,0.10684640338794887,99.54305555555555,0.48194401732632347,201.93333333333334
182.93333333333334,264.4,181.31182795698928,1.7024584784693828,0.5900505570147606,2.709746031601021,109.06666666666666,189.86666666666667,112.2,1.4988267727037037,0.0624839255179208,114.3325,0.4572121452384249,177.73333333333332
175.6,263.26666666666665,158.59139784946237,1.4891211065677217,0.6200166156722499,2.5216567243546764,99.06666666666666,165.06666666666666,116.26666666666667,1.4909471629629631,0.07240321477441904,106.90046296296296,0.46843718527036216,185.2
141.06666666666666,315.6666666666667,161.11827956989248,1.5128476954919483,0.6083691377046918,2.6421001748728425,124.46666666666667,167.0,146.53333333333333,1.5038952233333336,0.08747339608302455,116.10259259259259,0.44361432588857425,204.53333333333333
185.13333333333333,249.26666666666668,95.08387096774194,0.892806300166591,0.6704341235465979,2.1113313393881175,0.0,103.33333333333333,106.93333333333334,1.3939515989259263,0.14968941183239895,93.96240740740741,0.5302982493715421,184.0
156.8,293.1333333333333,150.1268817204301,1.4096420818819728,0.6461492344718324,2.3226663657965534,114.13333333333334,156.26666666666668,127.8,1.395463054259259,0.07158618899562628,104.76342592592593,0.46835718964104245,212.2
189.13333333333333,256.6666666666667,183.95483870967743,1.7272754808420414,0.6245357265261468,2.546779858591887,106.93333333333334,191.66666666666666,106.93333333333334,1.4789286942592592,0.06721821953273895,108.04453703703703,0.4588569030939836,168.46666666666667
149.73333333333332,309.0,184.11397849462364,1.7287697511232265,0.5612416039374124,2.7439903069022424,137.46666666666667,190.0,142.2,1.4452832266296298,0.08129979941890612,128.9857407407407,0.44506899497124247,174.93333333333334
163.53333333333333,285.93333333333334,181.75053763440857,1.7065778181634608,0.6352315767676759,2.38919004699118,125.93333333333334,188.66666666666666,129.26666666666668,1.4045099768518519,0.09613728416035042,112.59722222222221,0.45960115714902466,167.2
135.8,321.3333333333333,172.79784946236558,1.6225150184259678,0.5710211317763225,2.522829758142327,136.4,179.73333333333332,151.13333333333333,1.3482340985185184,0.10311883101435125,121.29657407407406,0.45692624774787255,204.6
190.8,250.46666666666667,170.45376344086023,1.6005048210409412,0.6427300744597441,2.1602301449723114,102.66666666666667,176.86666666666667,102.86666666666666,1.3078367280555556,0.07116884665681748,103.97546296296296,0.5005019393815782,164.26666666666668
173.2,246.66666666666666,68.41075268817204,0.6423544853349488,0.7851344364908266,1.7455298052891866,0.0,75.13333333333334,111.0,1.314351349351852,0.2527406989521792,78.10333333333331,0.5922622991608133,173.86666666666667
164.8,292.06666666666666,204.15913978494623,1.9169872280276643,0.587050445797581,2.7608660543101604,136.4,211.2,132.06666666666666,1.4996945652499996,0.06403195272053422,123.29546296296296,0.4256759693326666,157.8
151.06666666666666,301.2,183.19569892473118,1.7201474077439545,0.5896832107200524,2.7613530913106623,134.2,190.13333333333333,136.86666666666667,1.520675168611111,0.053232228097518236,118.40962962962966,0.43326021860715985,206.8
174.53333333333333,279.4,180.86881720430108,1.6982987530920288,0.5763995460666173,2.6441227828042004,113.46666666666667,187.8,121.73333333333333,1.4314943736944445,0.07054459923577236,121.42685185185188,0.4606576833406408,173.53333333333333
143.73333333333332,311.2,192.14408602150533,1.8041698217981725,0.5784008342318262,2.6738722394361054,147.4,198.26666666666668,142.26666666666668,1.4382328651111111,0.07145776238605522,122.65249999999999,0.43168692226668376,195.2
212.46666666666667,219.06666666666666,117.58279569892473,1.104063809379575,0.6828025434998498,2.3001953936824866,22.933333333333334,125.66666666666667,90.06666666666666,1.511396115916667,0.09464728677271211,91.84916666666666,0.4967177560511561,159.4
171.46666666666667,239.8,58.309677419354834,0.5475087081629562,0.8140678587769605,1.7144519564919602,0.0,63.6,110.13333333333334,1.3425668451851853,0.25074575526664816,73.87314814814815,0.6014697956180008,173.53333333333333
172.13333333333333,279.8,207.68387096774194,1.950083295471755,0.5736054972164507,2.528753859214061,130.2,214.66666666666666,123.26666666666667,1.3543509641666664,0.04442474349105019,121.48009259259261,0.454768022555387,178.0
205.0,222.26666666666668,96.02365591397852,0.9016305719622392,0.7231357453002307,2.057780285277268,0.0,103.53333333333333,95.2,1.4507898524074077,0.10610978109709787,84.92935185185186,0.5246888239547984,177.2
165.0,271.06666666666666,131.6258064516129,1.2359230652733608,0.6447308747545148,2.3736153745433586,61.0,138.86666666666667,118.26666666666667,1.4750484172222225,0.08398501801571105,102.33555555555557,0.4849415515329468,200.53333333333333
153.4,305.53333333333336,243.39354838709676,2.285385430864758,0.5385624151661914,2.6426554767666124,161.4,250.0,142.53333333333333,1.3372477058333332,0.036054574036268966,138.54583333333332,0.41247510962661565,153.66666666666666
158.53333333333333,289.26666666666665,180.2043010752688,1.6920591650259982,0.6221156290778063,2.4835777646812716,130.46666666666667,186.8,128.8,1.421746447037037,0.093444023363845,110.46444444444442,0.4483864681559688,184.73333333333332
162.4,275.3333333333333,126.42795698924729,1.1871169670351862,0.7003567590513724,2.101547307406498,67.8,131.86666666666667,118.2,1.3639906759259264,0.11692316738202115,94.3763888888889,0.5069696009476767,199.8
178.53333333333333,257.46666666666664,146.79569892473117,1.3783633701852693,0.6214321242709268,2.401368671892617,78.73333333333333,155.26666666666668,110.33333333333333,1.438625181759259,0.0949195374792861,105.19324074074072,0.48591483224083787,182.73333333333332
173.4,249.73333333333332,73.61720430107526,0.6912413549396739,0.758782265520228,1.8379329396860258,0.0,80.2,112.86666666666666,1.345482051851852,0.19638049887051964,81.05444444444444,0.5699560644993568,186.26666666666668
208.06666666666666,239.93333333333334,184.47741935483873,1.7321823413599877,0.5999149769926534,2.497505470737188,100.53333333333333,192.93333333333334,96.6,1.4248919377222222,0.04940821115195705,109.79398148148148,0.4674471066397195,159.4
185.2,234.86666666666667,81.9978494623656,0.7699328588015548,0.7887176922922076,1.8007948364638646,0.0,89.13333333333334,103.2,1.3618361923148146,0.19967547870538357,79.31712962962963,0.5748592761850299,172.2
139.2,335.1333333333333,219.69677419354832,2.062880508859609,0.5101387838303885,3.3067386967951404,167.86666666666667,225.73333333333332,163.26666666666668,1.5600932931111116,0.05094904434060561,150.65574074074073,0.3958169519050603,174.0
159.06666666666666,287.2,177.105376344086,1.6629612802261597,0.6178313695961789,2.3859672368856173,128.73333333333332,183.8,125.0,1.3663047827777777,0.07945226982297585,109.9238888888889,0.460028036191151,191.06666666666666
142.4,321.4,184.54838709677418,1.7328487051340302,0.561045938760236,2.693666747644995,142.66666666666666,191.26666666666668,147.6,1.4142892528703699,0.0895385362820756,127.72092592592594,0.4412070078631764,191.06666666666666
152.73333333333332,299.06666666666666,153.7290322580645,1.443465091625019,0.6187872186654746,2.2846798182203494,118.13333333333334,160.46666666666667,131.86666666666667,1.3249300957870367,0.1063858908794069,109.05851851851851,0.48059157055257395,201.4
161.93333333333334,288.2,147.6752688172043,1.386622242415064,0.6340896587679555,2.379853733185684,92.06666666666666,154.6,126.73333333333333,1.4151217187962966,0.1209231277025822,109.03851851851852,0.48184559843527,182.86666666666667
169.53333333333333,283.2,197.70537634408603,1.8563885102731084,0.5692417647501175,2.7833282015107583,124.8,205.53333333333333,123.13333333333334,1.4764365949351854,0.046160592696972216,121.88305555555556,0.44416145825969683,176.66666666666666
189.53333333333333,248.13333333333333,145.21505376344086,1.3635216315816046,0.6564889384597937,2.3803096485045665,85.2,152.26666666666668,104.6,1.4890189895370378,0.07489308785467938,98.64842592592593,0.47737989049423923,182.46666666666667
156.13333333333333,304.06666666666666,202.3720430107527,1.900206976626786,0.5861792175926407,2.516838195211117,145.33333333333334,208.86666666666667,139.46666666666667,1.3638104485370377,0.057836705326509426,123.26194444444445,0.4405614663464613,179.4
183.46666666666667,262.26666666666665,184.64086021505375,1.7337169973244484,0.6311973710007918,2.1276082789206305,114.4,191.93333333333334,110.06666666666666,1.264546296388889,0.06846553871241001,108.31287037037036,0.4941340904583061,162.33333333333334
175.4,258.3333333333333,82.53333333333333,0.774960876369327,0.7153962867533789,1.9093538363610127,0.0,89.46666666666667,113.4,1.3285204612037032,0.18071919679677387,87.22064814814817,0.5584474760137966,191.4
154.26666666666668,300.53333333333336,233.38924731182797,2.19144833156646,0.5466491720048499,2.468496628677555,157.73333333333332,240.86666666666667,135.93333333333334,1.272632295925926,0.023476252391854396,131.72759259259257,0.4274569570930151,189.06666666666666
172.0,264.46666666666664,159.61935483870965,1.4987732848705135,0.6249666148723662,2.705960847571837,101.86666666666666,166.93333333333334,115.0,1.6033857348981486,0.05764311466395484,106.97305555555558,0.4478953883853817,188.06666666666666
166.26666666666668,282.6666666666667,194.46666666666667,1.8259780907668233,0.6313119975822299,2.33280479416152,131.8,201.2,127.46666666666667,1.35678326462963,0.0757627809708906,112.10796296296299,0.4595670605451299,172.86666666666667
151.6,300.6,152.6,1.4328638497652582,0.6573908975993457,2.2468260664719493,117.73333333333333,159.13333333333333,134.46666666666667,1.3584367487037035,0.11857776100575232,106.51972222222221,0.47691899436853025,195.0
170.26666666666668,266.6666666666667,99.42365591397851,0.9335554545913474,0.6679073420840047,2.079512928172763,0.0,106.53333333333333,117.73333333333333,1.365618722314815,0.14896117199968834,94.37925925925926,0.5274179645701312,196.8
123.73333333333333,345.0,193.36559139784947,1.8156393558483517,0.5370843180292151,2.7943888622928172,162.0,199.6,167.46666666666667,1.4065530586759258,0.08860402881750083,134.34518518518522,0.42537842257905367,206.93333333333334
208.66666666666666,239.13333333333333,191.03010752688172,1.7937099298298753,0.6110183299934128,2.30829478440437,103.26666666666667,198.33333333333334,95.06666666666666,1.3417605815740743,0.05373443877467553,108.08990740740741,0.4797881353305045,154.46666666666667
155.6,301.2,154.37204301075266,1.4495027512746732,0.6114231098562412,2.345582366143345,115.6,160.46666666666667,132.53333333333333,1.34631701712963,0.093477776595232,109.63907407407409,0.47653188390046675,206.6
145.0,308.0,172.3720430107527,1.6185168357817155,0.5874516198673778,2.92716999054382,124.0,178.86666666666667,146.06666666666666,1.611224755805557,0.08592752309010511,121.37981481481484,0.43108911919323123,191.93333333333334
163.0,295.6,214.60215053763443,2.0150436670200413,0.580964026759926,2.452572179305007,142.13333333333333,221.86666666666667,135.93333333333334,1.321025147037037,0.06745445965457071,125.61212962962964,0.4511041431947818,160.66666666666666
206.33333333333334,238.66666666666666,194.55698924731186,1.826826190115604,0.6212367835382081,2.521000833322294,102.86666666666666,202.8,97.4,1.4740405033333324,0.05520282086678264,106.8838888888889,0.4570043214139199,151.6
205.46666666666667,235.46666666666667,126.8559139784946,1.1911353425210762,0.6354786402030228,2.229226226549408,43.93333333333333,134.73333333333332,96.8,1.3685747313518521,0.10313407759415369,100.57592592592594,0.5134472285201652,162.53333333333333
158.86666666666667,291.93333333333334,168.24516129032256,1.5797667726790854,0.6257160355421,2.4144302195744323,124.13333333333334,174.2,128.13333333333333,1.408686178240741,0.06600487838520618,110.69620370370372,0.4567666072368384,198.6
139.06666666666666,320.73333333333335,177.46236559139786,1.666313291938008,0.5834329031081368,2.7010034279989608,139.06666666666666,184.66666666666666,150.0,1.4668509852500007,0.08129753397946367,120.41777777777779,0.43423968222238873,209.66666666666666
143.73333333333332,313.6666666666667,173.9870967741935,1.6336816598515829,0.5598419857651573,3.0815236127803884,131.66666666666666,180.8,147.06666666666666,1.6259087603703704,0.08078396699772071,125.55472222222221,0.42416307827099803,194.26666666666668
159.93333333333334,296.4,183.76774193548388,1.7255187036195672,0.5697963485202461,2.9996849721923957,130.6,190.53333333333333,133.0,1.6016649443703699,0.056961670544187284,124.09851851851853,0.4256039860078124,191.26666666666668
159.06666666666666,287.26666666666665,173.41075268817204,1.6282699782926953,0.5842302120257608,2.8260113936080336,115.93333333333334,180.0,128.66666666666666,1.5539728468425935,0.07803202374063092,118.8250925925926,0.4460242608583667,184.4
193.66666666666666,253.26666666666668,206.09677419354838,1.935180978343177,0.5960668760593479,2.6991128714443837,113.06666666666666,213.53333333333333,106.73333333333333,1.5086248025925921,0.04617143546961295,114.4448148148148,0.43838545535602574,156.66666666666666
182.8,270.8,205.31397849462365,1.9278307839870767,0.5740125244831856,2.580155525518302,121.26666666666667,212.46666666666667,117.4,1.3890674372222223,0.056593548527210165,122.77648148148147,0.4552580041799039,159.0
164.33333333333334,272.26666666666665,112.09677419354838,1.0525518703619565,0.6901488606276095,2.1609165148437914,12.533333333333333,119.26666666666667,122.53333333333333,1.426167058111111,0.16213214330479378,94.33453703703704,0.5097956619909829,192.13333333333333
171.2,267.6,135.01075268817206,1.2677065980110052,0.6434086293291158,2.432173499881133,75.46666666666667,142.86666666666667,119.13333333333334,1.5087428029074073,0.11031554041379792,101.84777777777778,0.47541272962562026,183.73333333333332
158.33333333333334,289.8,195.39354838709676,1.8346812055126456,0.5796117939032365,2.733046269314149,131.66666666666666,202.33333333333334,130.13333333333333,1.4781846852777776,0.06925051051193186,120.0388888888889,0.4396175891019036,179.86666666666667
170.13333333333333,287.2,226.09032258064514,2.1229138270483117,0.5670661701864254,2.8763733594808105,141.86666666666667,233.6,131.2,1.522662709574074,0.037186716107062735,129.1335185185185,0.4096375810716449,158.93333333333334
194.86666666666667,246.73333333333332,145.1204301075269,1.3626331465495483,0.6345887356980981,2.534804567207061,74.26666666666667,152.8,103.73333333333333,1.538908406296296,0.08204830985641008,104.12101851851853,0.4700066375422132,165.8
147.6,312.4,163.33763440860216,1.5336867080619923,0.5753741121170128,2.691186005707761,120.53333333333333,169.8,143.2,1.4622347310833337,0.11051779970200128,124.82574074074073,0.45539004138582306,190.53333333333333
185.4,254.6,145.53333333333333,1.3665101721439752,0.6971748640962532,2.154202463580903,86.13333333333334,153.73333333333332,106.53333333333333,1.4024904478703701,0.09018155835471318,96.98629629629629,0.500488997146705,175.53333333333333
144.53333333333333,324.46666666666664,238.05591397849463,2.2352667979201377,0.5055426747588502,3.1051623542736535,169.2,245.2,155.06666666666666,1.4688893671018521,0.040232760947059736,151.5662037037037,0.3982777427375183,162.8
163.4,280.6,153.99139784946237,1.4459286183048112,0.6369568555845183,2.5274505430132,98.6,161.86666666666667,125.0,1.505504576111111,0.09711540484836577,106.3362962962963,0.4588847021044698,188.53333333333333
131.46666666666667,331.8666666666667,173.99569892473122,1.6337624312181334,0.5469246555742855,2.9651380246177204,142.2,179.0,160.66666666666666,1.5369354082129625,0.07844702393951873,129.68879629629632,0.42523358027386343,212.53333333333333
152.13333333333333,301.1333333333333,170.93118279569893,1.6049876318844967,0.5656975497369967,2.668564661868588,123.26666666666667,178.8,137.73333333333332,1.4328886732685182,0.07798671837557002,126.36037037037039,0.4556268859511066,188.93333333333334
188.4,254.6,157.64086021505378,1.4801958705638851,0.6328100989634717,2.5257085486569495,91.8,165.46666666666667,106.0,1.5165408675,0.08646363012045022,106.65777777777777,0.4631327039871565,159.33333333333334
229.8,202.0,96.26021505376346,0.9038517845423797,0.7518602173763316,1.9464933278007086,0.0,103.93333333333334,84.8,1.4199988026851853,0.0903114765505853,80.63638888888887,0.5444316152218759,165.06666666666666
182.86666666666667,242.33333333333334,96.8537634408602,0.9094250088343682,0.7581133170390995,1.837582961471406,0.0,102.86666666666666,104.2,1.3259308278703708,0.17208952394534105,83.73740740740739,0.5661834780907474,178.0
166.33333333333334,295.4,222.04731182795697,2.0849512847695495,0.5441354447908864,3.0286088326481204,140.6,229.73333333333332,134.4,1.5324501877962962,0.05626207278138735,135.4464814814815,0.41956636817150306,158.33333333333334
167.33333333333334,259.2,86.75268817204301,0.8145792316623758,0.7681872571286522,1.8061413561260844,0.0,93.2,115.0,1.3211554824074072,0.21089204135935896,84.0511111111111,0.5753915411575196,188.4
161.06666666666666,289.8666666666667,178.1827956989247,1.6730778938866173,0.6107561442876019,2.4876580963186234,124.8,185.66666666666666,129.46666666666667,1.4070093539814812,0.06630169614795996,111.50500000000002,0.4543876255601584,195.93333333333334
207.86666666666667,231.33333333333334,158.66881720430106,1.489848048866677,0.6138685119625253,2.404868012384586,84.8,165.73333333333332,95.46666666666667,1.419872623953704,0.05711443611819522,105.7722222222222,0.48122213468892083,158.13333333333333
201.86666666666667,228.2,139.88387096774193,1.313463577161896,0.7174796905999695,1.985339952593044,70.2,146.4,93.66666666666667,1.357928635462963,0.07148084134321848,90.49703703703703,0.5242737940306705,163.4
165.8,269.2,106.91827956989248,1.003927507698521,0.7019276587325037,1.9199126082346383,0.3333333333333333,112.73333333333333,115.6,1.2675340343518517,0.19796564450360757,91.44879629629628,0.5471382084800956,181.2
175.2,273.0,226.40645161290323,2.1258821747690444,0.5854991806789861,2.294104728171525,134.46666666666667,233.2,118.26666666666667,1.2562125441666672,0.03193836591734821,117.28425925925924,0.4621971575946106,178.33333333333334
146.86666666666667,306.6,146.78064516129032,1.3782220202938058,0.6291397218118291,2.4457884649707986,106.0,154.13333333333333,140.0,1.4378589955000003,0.09199543743328258,111.0850925925926,0.46903913614861364,208.26666666666668
184.8,250.0,111.07741935483872,1.0429804634257156,0.7304271145580369,2.038286761105901,7.533333333333333,117.2,104.93333333333334,1.3964497875,0.155443364153521,87.94675925925925,0.5239308090124479,175.26666666666668
168.46666666666667,269.6666666666667,102.27096774193546,0.9602907769195819,0.6838640861418946,2.0411445719140917,2.8,107.93333333333334,118.46666666666667,1.3517440398148148,0.13583142027856157,94.06592592592594,0.531959409384345,206.66666666666666
198.46666666666667,246.0,151.1569892473118,1.4193144530264021,0.6614533016195736,2.3348842269221524,81.46666666666667,158.86666666666667,101.46666666666667,1.457658837490741,0.08416048124247946,101.33601851851853,0.4871474350357168,161.26666666666668
154.6,290.8,131.86666666666667,1.238184663536776,0.6172314386816035,2.28870964138084,75.33333333333333,138.53333333333333,131.0,1.3691176486296295,0.11329472220611402,107.02231481481482,0.4964473514450832,205.4
172.2,261.26666666666665,85.17634408602152,0.799777878741986,0.6995983715066848,2.0276766587894612,0.0,93.46666666666667,117.2,1.401792073148148,0.18194040720496243,90.63537037037037,0.5399034069487716,192.4
163.33333333333334,269.46666666666664,100.51612903225808,0.9438134181432682,0.6820103445943758,2.121848549938085,2.3333333333333335,107.6,119.86666666666666,1.4131545806481476,0.16015950993975137,94.45481481481482,0.5197318163553463,192.2
160.06666666666666,290.3333333333333,232.67311827956988,2.1847241153011256,0.5719265184797365,2.5862293957955624,146.93333333333334,240.33333333333334,130.8,1.374124700833333,0.07769206098542662,124.81546296296295,0.4292872887140616,155.73333333333332
211.86666666666667,215.6,121.7720430107527,1.1433994648896968,0.689308380087844,1.99357185487192,31.133333333333333,128.4,89.53333333333333,1.332437545277778,0.06305799423442907,89.27462962962963,0.531055299520738,171.66666666666666
129.93333333333334,329.8666666666667,176.6344086021505,1.658539047907517,0.5493793758720248,2.8896663609911424,139.73333333333332,182.53333333333333,159.33333333333334,1.5026398498796294,0.0830945126049242,128.4387037037037,0.43244764717395306,210.8
142.53333333333333,315.6,153.37204301075272,1.4401130799131707,0.5775065097590782,2.8358051589523052,113.26666666666667,160.0,146.73333333333332,1.5532178207314817,0.08843911874801448,120.32694444444445,0.44382150700705647,211.93333333333334
170.4,280.26666666666665,150.847311827957,1.4164066838305824,0.611893236885014,2.3531374548656694,98.33333333333333,158.26666666666668,122.8,1.3776694515740735,0.10019240016629696,108.46657407407407,0.48805288507784994,192.66666666666666
196.8,239.4,165.45806451612907,1.5535968499167048,0.6737119557810269,2.127595992735713,98.6,172.33333333333334,96.93333333333334,1.3535200647222225,0.057645923152231306,97.66564814814815,0.4936276928226391,166.26666666666668
168.0,269.8666666666667,153.6021505376344,1.442273713968398,0.6294735859700513,2.5021509856539756,88.0,162.13333333333333,118.86666666666666,1.5011622616666664,0.12436011527337838,108.64222222222223,0.46693370673556633,165.46666666666667
160.2,298.3333333333333,196.6301075268817,1.8462920894542882,0.5697374272188847,2.5192631034809483,136.26666666666668,203.53333333333333,134.33333333333334,1.3452125097037035,0.053688278303609435,123.23129629629629,0.4553572250496734,190.0
143.46666666666667,314.8,152.15053763440858,1.4286435458629918,0.5927823533124887,2.6108912469220247,103.53333333333333,159.26666666666668,145.33333333333334,1.4771685195833333,0.10707386518732012,117.3526851851852,0.4655683313560221,203.0
151.53333333333333,302.0,136.25591397849462,1.2793982533191983,0.6297665048017916,2.217047660979359,78.93333333333334,142.66666666666666,135.26666666666668,1.328141383027778,0.1613155534771451,109.18333333333334,0.50258673169152,187.73333333333332
141.33333333333334,315.26666666666665,163.69892473118279,1.5370791054571156,0.5865168457506373,2.5322319800425857,125.06666666666666,171.26666666666668,146.6,1.4115487212499997,0.09471045783373076,117.75388888888888,0.4609693212038657,212.26666666666668
147.66666666666666,310.0,176.60215053763443,1.6582361552829523,0.5723650313688424,2.6806415336425853,127.8,183.6,141.46666666666667,1.445599120203704,0.07629896836855506,123.2059259259259,0.44969013350085246,200.13333333333333
163.6,279.93333333333334,115.05591397849462,1.0803372204553485,0.655209665498901,2.1205361673895595,21.733333333333334,121.93333333333334,122.46666666666667,1.3398308862037036,0.14395885223797175,99.39074074074075,0.520643958050565,201.46666666666667
194.4,241.4,139.00645161290322,1.3052248977737393,0.6622781409786805,2.3800693659695056,64.6,145.86666666666667,100.4,1.502221436342592,0.08287280431351854,99.4125,0.48275013057778665,163.33333333333334
148.8,309.0,180.38494623655913,1.69375536372356,0.5749244306100605,2.6048221972321985,133.6,187.2,140.26666666666668,1.3971493647222222,0.08642509552223596,121.71833333333333,0.4539905405156233,199.2
133.33333333333334,330.26666666666665,197.68602150537635,1.8562067746983695,0.5221489093430542,3.2246941857831306,154.53333333333333,204.33333333333334,158.0,1.5791640305833339,0.06379333706214245,142.36768518518517,0.41095254078338156,187.26666666666668
135.06666666666666,322.1333333333333,179.85376344086018,1.6887677318390635,0.5749685759246058,2.648192777271821,139.73333333333332,186.0,153.2,1.420068614648148,0.0793502663254302,121.19888888888889,0.4362231799822827,209.66666666666666
173.53333333333333,270.46666666666664,141.13763440860214,1.32523600383664,0.6493519158574975,2.3408531845873672,82.46666666666667,149.13333333333333,118.13333333333334,1.441342597888889,0.11253827800046577,101.65648148148148,0.4831677784454876,185.26666666666668
185.46666666666667,248.8,111.56559139784947,1.0475642384774597,0.7065082826395109,2.068264484267772,6.666666666666667,118.73333333333333,106.0,1.3933448338888885,0.15242538040748527,89.67546296296295,0.5233064228151199,177.66666666666666
141.46666666666667,322.93333333333334,177.02150537634407,1.6621737594022918,0.59117817918996,2.550810328508697,143.66666666666666,183.86666666666667,151.46666666666667,1.3995688541666664,0.07533853204236296,120.39537037037037,0.4378139214115214,206.86666666666667
168.93333333333334,284.2,171.6817204301075,1.6120349336160331,0.5945431656280469,2.7710678682272833,114.2,179.26666666666668,126.13333333333334,1.546045419444444,0.07082597353791967,116.64268518518519,0.4478876609804499,187.66666666666666
199.4,239.93333333333334,138.5978494623656,1.3013882578625875,0.6509625205585193,2.488366834588953,61.2,147.0,99.53333333333333,1.5538087954814819,0.07579387917326237,100.98712962962964,0.4733789178090657,168.8
